ISO-10303-21;
HEADER;
/* Generated by software containing ST-Developer
 * from STEP Tools, Inc. (www.steptools.com) 
 */

FILE_DESCRIPTION(
/* description */ (''),
/* implementation_level */ '2;1');

FILE_NAME(
/* name */ 'LCD Display.step',
/* time_stamp */ '2023-07-16T12:49:20-04:00',
/* author */ (''),
/* organization */ (''),
/* preprocessor_version */ 'ST-DEVELOPER v19.2',
/* originating_system */ 'Autodesk Translation Framework v12.6.0.85',
/* authorisation */ '');

FILE_SCHEMA (('AUTOMOTIVE_DESIGN { 1 0 10303 214 3 1 1 }'));
ENDSEC;

DATA;
#10=MECHANICAL_DESIGN_GEOMETRIC_PRESENTATION_REPRESENTATION('',(#13,#14,
#15,#16,#17,#18,#19,#20,#21,#22,#23,#24,#25,#26,#27,#28,#29,#30,#31,#32,
#33,#34,#35,#36,#37,#38,#39,#40,#41,#42,#43,#44,#45,#46,#47,#48,#49),#2893);
#11=SHAPE_REPRESENTATION_RELATIONSHIP('SRR','None',#2900,#12);
#12=ADVANCED_BREP_SHAPE_REPRESENTATION('',(#50,#51,#52,#53,#54,#55,#56,
#57,#58,#59,#60,#61,#62,#63,#64,#65,#66,#67,#68,#69,#70,#71,#72,#73,#74,
#75,#76,#77,#78,#79,#80,#81,#82,#83,#84,#85,#86),#2892);
#13=STYLED_ITEM('',(#2910),#50);
#14=STYLED_ITEM('',(#2911),#51);
#15=STYLED_ITEM('',(#2912),#52);
#16=STYLED_ITEM('',(#2911),#53);
#17=STYLED_ITEM('',(#2912),#54);
#18=STYLED_ITEM('',(#2911),#55);
#19=STYLED_ITEM('',(#2911),#56);
#20=STYLED_ITEM('',(#2911),#57);
#21=STYLED_ITEM('',(#2911),#58);
#22=STYLED_ITEM('',(#2911),#59);
#23=STYLED_ITEM('',(#2911),#60);
#24=STYLED_ITEM('',(#2911),#61);
#25=STYLED_ITEM('',(#2911),#62);
#26=STYLED_ITEM('',(#2911),#63);
#27=STYLED_ITEM('',(#2911),#64);
#28=STYLED_ITEM('',(#2911),#65);
#29=STYLED_ITEM('',(#2911),#66);
#30=STYLED_ITEM('',(#2911),#67);
#31=STYLED_ITEM('',(#2911),#68);
#32=STYLED_ITEM('',(#2911),#69);
#33=STYLED_ITEM('',(#2911),#70);
#34=STYLED_ITEM('',(#2911),#71);
#35=STYLED_ITEM('',(#2911),#72);
#36=STYLED_ITEM('',(#2911),#73);
#37=STYLED_ITEM('',(#2911),#74);
#38=STYLED_ITEM('',(#2911),#75);
#39=STYLED_ITEM('',(#2911),#76);
#40=STYLED_ITEM('',(#2911),#77);
#41=STYLED_ITEM('',(#2911),#78);
#42=STYLED_ITEM('',(#2911),#79);
#43=STYLED_ITEM('',(#2911),#80);
#44=STYLED_ITEM('',(#2911),#81);
#45=STYLED_ITEM('',(#2912),#82);
#46=STYLED_ITEM('',(#2909),#83);
#47=STYLED_ITEM('',(#2909),#84);
#48=STYLED_ITEM('',(#2909),#85);
#49=STYLED_ITEM('',(#2909),#86);
#50=MANIFOLD_SOLID_BREP('3.5 480 * 320 Display',#1637);
#51=MANIFOLD_SOLID_BREP('3.5 480 * 320 Display (1)',#1638);
#52=MANIFOLD_SOLID_BREP('3.5 480 * 320 Display (15)',#1639);
#53=MANIFOLD_SOLID_BREP('3.5 480 * 320 Display (16)',#1640);
#54=MANIFOLD_SOLID_BREP('3.5 480 * 320 Display (17)',#1641);
#55=MANIFOLD_SOLID_BREP('3.5 480 * 320 Display (1) (1)',#1642);
#56=MANIFOLD_SOLID_BREP('3.5 480 * 320 Display (1) (2)',#1643);
#57=MANIFOLD_SOLID_BREP('3.5 480 * 320 Display (1) (3)',#1644);
#58=MANIFOLD_SOLID_BREP('3.5 480 * 320 Display (1) (4)',#1645);
#59=MANIFOLD_SOLID_BREP('3.5 480 * 320 Display (1) (5)',#1646);
#60=MANIFOLD_SOLID_BREP('3.5 480 * 320 Display (1) (6)',#1647);
#61=MANIFOLD_SOLID_BREP('3.5 480 * 320 Display (1) (7)',#1648);
#62=MANIFOLD_SOLID_BREP('3.5 480 * 320 Display (1) (8)',#1649);
#63=MANIFOLD_SOLID_BREP('3.5 480 * 320 Display (1) (9)',#1650);
#64=MANIFOLD_SOLID_BREP('3.5 480 * 320 Display (1) (10)',#1651);
#65=MANIFOLD_SOLID_BREP('3.5 480 * 320 Display (1) (11)',#1652);
#66=MANIFOLD_SOLID_BREP('3.5 480 * 320 Display (1) (12)',#1653);
#67=MANIFOLD_SOLID_BREP('3.5 480 * 320 Display (1) (13)',#1654);
#68=MANIFOLD_SOLID_BREP('3.5 480 * 320 Display (1) (14)',#1655);
#69=MANIFOLD_SOLID_BREP('3.5 480 * 320 Display (1) (15)',#1656);
#70=MANIFOLD_SOLID_BREP('3.5 480 * 320 Display (1) (16)',#1657);
#71=MANIFOLD_SOLID_BREP('3.5 480 * 320 Display (1) (17)',#1658);
#72=MANIFOLD_SOLID_BREP('3.5 480 * 320 Display (1) (18)',#1659);
#73=MANIFOLD_SOLID_BREP('3.5 480 * 320 Display (1) (19)',#1660);
#74=MANIFOLD_SOLID_BREP('3.5 480 * 320 Display (1) (20)',#1661);
#75=MANIFOLD_SOLID_BREP('3.5 480 * 320 Display (1) (21)',#1662);
#76=MANIFOLD_SOLID_BREP('3.5 480 * 320 Display (1) (22)',#1663);
#77=MANIFOLD_SOLID_BREP('3.5 480 * 320 Display (1) (23)',#1664);
#78=MANIFOLD_SOLID_BREP('3.5 480 * 320 Display (1) (24)',#1665);
#79=MANIFOLD_SOLID_BREP('3.5 480 * 320 Display (1) (25)',#1666);
#80=MANIFOLD_SOLID_BREP('3.5 480 * 320 Display (1) (26)',#1667);
#81=MANIFOLD_SOLID_BREP('3.5 480 * 320 Display (1) (27)',#1668);
#82=MANIFOLD_SOLID_BREP('Body79',#1669);
#83=MANIFOLD_SOLID_BREP('Body75',#1670);
#84=MANIFOLD_SOLID_BREP('Body76',#1671);
#85=MANIFOLD_SOLID_BREP('Body77',#1672);
#86=MANIFOLD_SOLID_BREP('Body78',#1673);
#87=CYLINDRICAL_SURFACE('',#1701,0.15);
#88=CYLINDRICAL_SURFACE('',#1702,0.15);
#89=CYLINDRICAL_SURFACE('',#1703,0.15);
#90=CYLINDRICAL_SURFACE('',#1704,0.15);
#91=CYLINDRICAL_SURFACE('',#1709,0.0499999999999998);
#92=CYLINDRICAL_SURFACE('',#1734,0.0499999999999998);
#93=CYLINDRICAL_SURFACE('',#1739,0.0499999999999998);
#94=CYLINDRICAL_SURFACE('',#1744,0.0499999999999998);
#95=CYLINDRICAL_SURFACE('',#1745,0.0499999999999998);
#96=CYLINDRICAL_SURFACE('',#1752,0.0499999999999998);
#97=CYLINDRICAL_SURFACE('',#1757,0.0499999999999998);
#98=CYLINDRICAL_SURFACE('',#1762,0.0499999999999998);
#99=CYLINDRICAL_SURFACE('',#1767,0.0499999999999998);
#100=CYLINDRICAL_SURFACE('',#1772,0.0499999999999998);
#101=CYLINDRICAL_SURFACE('',#1777,0.0499999999999998);
#102=CYLINDRICAL_SURFACE('',#1782,0.0499999999999998);
#103=CYLINDRICAL_SURFACE('',#1785,0.0499999999999998);
#104=CYLINDRICAL_SURFACE('',#1792,0.0499999999999998);
#105=CYLINDRICAL_SURFACE('',#1795,0.0499999999999998);
#106=CYLINDRICAL_SURFACE('',#1800,0.0499999999999998);
#107=CYLINDRICAL_SURFACE('',#1807,0.0499999999999998);
#108=CYLINDRICAL_SURFACE('',#1812,0.0499999999999998);
#109=CYLINDRICAL_SURFACE('',#1817,0.0499999999999998);
#110=CYLINDRICAL_SURFACE('',#1822,0.0499999999999998);
#111=CYLINDRICAL_SURFACE('',#1827,0.0499999999999998);
#112=CYLINDRICAL_SURFACE('',#1832,0.0499999999999998);
#113=CYLINDRICAL_SURFACE('',#1839,0.0499999999999998);
#114=CYLINDRICAL_SURFACE('',#1844,0.0499999999999998);
#115=CYLINDRICAL_SURFACE('',#1849,0.0499999999999998);
#116=CYLINDRICAL_SURFACE('',#1854,0.0499999999999998);
#117=CYLINDRICAL_SURFACE('',#1855,0.0499999999999998);
#118=CYLINDRICAL_SURFACE('',#1860,0.0499999999999998);
#119=CYLINDRICAL_SURFACE('',#1865,0.0499999999999998);
#120=CYLINDRICAL_SURFACE('',#1868,0.0499999999999998);
#121=CYLINDRICAL_SURFACE('',#1871,0.0499999999999998);
#122=CYLINDRICAL_SURFACE('',#1874,0.0499999999999998);
#123=CYLINDRICAL_SURFACE('',#1885,0.0499999999999998);
#124=CYLINDRICAL_SURFACE('',#1890,0.0499999999999998);
#125=CYLINDRICAL_SURFACE('',#1895,0.0499999999999998);
#126=CYLINDRICAL_SURFACE('',#1900,0.0499999999999998);
#127=FACE_BOUND('',#360,.T.);
#128=FACE_BOUND('',#361,.T.);
#129=FACE_BOUND('',#362,.T.);
#130=FACE_BOUND('',#363,.T.);
#131=FACE_BOUND('',#365,.T.);
#132=FACE_BOUND('',#366,.T.);
#133=FACE_BOUND('',#367,.T.);
#134=FACE_BOUND('',#368,.T.);
#135=FACE_BOUND('',#490,.T.);
#136=FACE_BOUND('',#491,.T.);
#137=FACE_BOUND('',#492,.T.);
#138=FACE_BOUND('',#493,.T.);
#139=FACE_BOUND('',#495,.T.);
#140=FACE_BOUND('',#496,.T.);
#141=FACE_BOUND('',#497,.T.);
#142=FACE_BOUND('',#498,.T.);
#143=CIRCLE('',#1688,0.15);
#144=CIRCLE('',#1689,0.15);
#145=CIRCLE('',#1690,0.15);
#146=CIRCLE('',#1691,0.15);
#147=CIRCLE('',#1693,0.15);
#148=CIRCLE('',#1694,0.15);
#149=CIRCLE('',#1695,0.15);
#150=CIRCLE('',#1696,0.15);
#151=CIRCLE('',#1706,0.0499999999999998);
#152=CIRCLE('',#1708,0.0499999999999998);
#153=CIRCLE('',#1731,0.0499999999999998);
#154=CIRCLE('',#1733,0.0499999999999998);
#155=CIRCLE('',#1736,0.0499999999999998);
#156=CIRCLE('',#1738,0.0499999999999998);
#157=CIRCLE('',#1741,0.0499999999999998);
#158=CIRCLE('',#1743,0.0499999999999998);
#159=CIRCLE('',#1746,0.0499999999999998);
#160=CIRCLE('',#1747,0.0499999999999998);
#161=CIRCLE('',#1751,0.0499999999999998);
#162=CIRCLE('',#1753,0.0499999999999998);
#163=CIRCLE('',#1756,0.0499999999999998);
#164=CIRCLE('',#1758,0.0499999999999998);
#165=CIRCLE('',#1761,0.0499999999999998);
#166=CIRCLE('',#1763,0.0499999999999998);
#167=CIRCLE('',#1766,0.0499999999999998);
#168=CIRCLE('',#1768,0.0499999999999998);
#169=CIRCLE('',#1771,0.0499999999999998);
#170=CIRCLE('',#1773,0.0499999999999998);
#171=CIRCLE('',#1776,0.0499999999999998);
#172=CIRCLE('',#1778,0.0499999999999998);
#173=CIRCLE('',#1781,0.0499999999999998);
#174=CIRCLE('',#1783,0.0499999999999998);
#175=CIRCLE('',#1786,0.0499999999999998);
#176=CIRCLE('',#1787,0.0499999999999998);
#177=CIRCLE('',#1791,0.0499999999999998);
#178=CIRCLE('',#1793,0.0499999999999998);
#179=CIRCLE('',#1796,0.0499999999999998);
#180=CIRCLE('',#1797,0.0499999999999998);
#181=CIRCLE('',#1801,0.0499999999999998);
#182=CIRCLE('',#1802,0.0499999999999998);
#183=CIRCLE('',#1806,0.0499999999999998);
#184=CIRCLE('',#1808,0.0499999999999998);
#185=CIRCLE('',#1811,0.0499999999999998);
#186=CIRCLE('',#1813,0.0499999999999998);
#187=CIRCLE('',#1816,0.0499999999999998);
#188=CIRCLE('',#1818,0.0499999999999998);
#189=CIRCLE('',#1821,0.0499999999999998);
#190=CIRCLE('',#1823,0.0499999999999998);
#191=CIRCLE('',#1826,0.0499999999999998);
#192=CIRCLE('',#1828,0.0499999999999998);
#193=CIRCLE('',#1831,0.0499999999999998);
#194=CIRCLE('',#1833,0.0499999999999998);
#195=CIRCLE('',#1836,0.0499999999999998);
#196=CIRCLE('',#1838,0.0499999999999998);
#197=CIRCLE('',#1841,0.0499999999999998);
#198=CIRCLE('',#1843,0.0499999999999998);
#199=CIRCLE('',#1846,0.0499999999999998);
#200=CIRCLE('',#1848,0.0499999999999998);
#201=CIRCLE('',#1851,0.0499999999999998);
#202=CIRCLE('',#1853,0.0499999999999998);
#203=CIRCLE('',#1856,0.0499999999999998);
#204=CIRCLE('',#1857,0.0499999999999998);
#205=CIRCLE('',#1861,0.0499999999999998);
#206=CIRCLE('',#1862,0.0499999999999998);
#207=CIRCLE('',#1866,0.0499999999999998);
#208=CIRCLE('',#1867,0.0499999999999998);
#209=CIRCLE('',#1869,0.0499999999999998);
#210=CIRCLE('',#1870,0.0499999999999998);
#211=CIRCLE('',#1872,0.0499999999999998);
#212=CIRCLE('',#1873,0.0499999999999998);
#213=CIRCLE('',#1875,0.0499999999999998);
#214=CIRCLE('',#1876,0.0499999999999998);
#215=CIRCLE('',#1884,0.0499999999999998);
#216=CIRCLE('',#1886,0.0499999999999998);
#217=CIRCLE('',#1889,0.0499999999999998);
#218=CIRCLE('',#1891,0.0499999999999998);
#219=CIRCLE('',#1894,0.0499999999999998);
#220=CIRCLE('',#1896,0.0499999999999998);
#221=CIRCLE('',#1899,0.0499999999999998);
#222=CIRCLE('',#1901,0.0499999999999998);
#223=FACE_OUTER_BOUND('',#359,.T.);
#224=FACE_OUTER_BOUND('',#364,.T.);
#225=FACE_OUTER_BOUND('',#369,.T.);
#226=FACE_OUTER_BOUND('',#370,.T.);
#227=FACE_OUTER_BOUND('',#371,.T.);
#228=FACE_OUTER_BOUND('',#372,.T.);
#229=FACE_OUTER_BOUND('',#373,.T.);
#230=FACE_OUTER_BOUND('',#374,.T.);
#231=FACE_OUTER_BOUND('',#375,.T.);
#232=FACE_OUTER_BOUND('',#376,.T.);
#233=FACE_OUTER_BOUND('',#377,.T.);
#234=FACE_OUTER_BOUND('',#378,.T.);
#235=FACE_OUTER_BOUND('',#379,.T.);
#236=FACE_OUTER_BOUND('',#380,.T.);
#237=FACE_OUTER_BOUND('',#381,.T.);
#238=FACE_OUTER_BOUND('',#382,.T.);
#239=FACE_OUTER_BOUND('',#383,.T.);
#240=FACE_OUTER_BOUND('',#384,.T.);
#241=FACE_OUTER_BOUND('',#385,.T.);
#242=FACE_OUTER_BOUND('',#386,.T.);
#243=FACE_OUTER_BOUND('',#387,.T.);
#244=FACE_OUTER_BOUND('',#388,.T.);
#245=FACE_OUTER_BOUND('',#389,.T.);
#246=FACE_OUTER_BOUND('',#390,.T.);
#247=FACE_OUTER_BOUND('',#391,.T.);
#248=FACE_OUTER_BOUND('',#392,.T.);
#249=FACE_OUTER_BOUND('',#393,.T.);
#250=FACE_OUTER_BOUND('',#394,.T.);
#251=FACE_OUTER_BOUND('',#395,.T.);
#252=FACE_OUTER_BOUND('',#396,.T.);
#253=FACE_OUTER_BOUND('',#397,.T.);
#254=FACE_OUTER_BOUND('',#398,.T.);
#255=FACE_OUTER_BOUND('',#399,.T.);
#256=FACE_OUTER_BOUND('',#400,.T.);
#257=FACE_OUTER_BOUND('',#401,.T.);
#258=FACE_OUTER_BOUND('',#402,.T.);
#259=FACE_OUTER_BOUND('',#403,.T.);
#260=FACE_OUTER_BOUND('',#404,.T.);
#261=FACE_OUTER_BOUND('',#405,.T.);
#262=FACE_OUTER_BOUND('',#406,.T.);
#263=FACE_OUTER_BOUND('',#407,.T.);
#264=FACE_OUTER_BOUND('',#408,.T.);
#265=FACE_OUTER_BOUND('',#409,.T.);
#266=FACE_OUTER_BOUND('',#410,.T.);
#267=FACE_OUTER_BOUND('',#411,.T.);
#268=FACE_OUTER_BOUND('',#412,.T.);
#269=FACE_OUTER_BOUND('',#413,.T.);
#270=FACE_OUTER_BOUND('',#414,.T.);
#271=FACE_OUTER_BOUND('',#415,.T.);
#272=FACE_OUTER_BOUND('',#416,.T.);
#273=FACE_OUTER_BOUND('',#417,.T.);
#274=FACE_OUTER_BOUND('',#418,.T.);
#275=FACE_OUTER_BOUND('',#419,.T.);
#276=FACE_OUTER_BOUND('',#420,.T.);
#277=FACE_OUTER_BOUND('',#421,.T.);
#278=FACE_OUTER_BOUND('',#422,.T.);
#279=FACE_OUTER_BOUND('',#423,.T.);
#280=FACE_OUTER_BOUND('',#424,.T.);
#281=FACE_OUTER_BOUND('',#425,.T.);
#282=FACE_OUTER_BOUND('',#426,.T.);
#283=FACE_OUTER_BOUND('',#427,.T.);
#284=FACE_OUTER_BOUND('',#428,.T.);
#285=FACE_OUTER_BOUND('',#429,.T.);
#286=FACE_OUTER_BOUND('',#430,.T.);
#287=FACE_OUTER_BOUND('',#431,.T.);
#288=FACE_OUTER_BOUND('',#432,.T.);
#289=FACE_OUTER_BOUND('',#433,.T.);
#290=FACE_OUTER_BOUND('',#434,.T.);
#291=FACE_OUTER_BOUND('',#435,.T.);
#292=FACE_OUTER_BOUND('',#436,.T.);
#293=FACE_OUTER_BOUND('',#437,.T.);
#294=FACE_OUTER_BOUND('',#438,.T.);
#295=FACE_OUTER_BOUND('',#439,.T.);
#296=FACE_OUTER_BOUND('',#440,.T.);
#297=FACE_OUTER_BOUND('',#441,.T.);
#298=FACE_OUTER_BOUND('',#442,.T.);
#299=FACE_OUTER_BOUND('',#443,.T.);
#300=FACE_OUTER_BOUND('',#444,.T.);
#301=FACE_OUTER_BOUND('',#445,.T.);
#302=FACE_OUTER_BOUND('',#446,.T.);
#303=FACE_OUTER_BOUND('',#447,.T.);
#304=FACE_OUTER_BOUND('',#448,.T.);
#305=FACE_OUTER_BOUND('',#449,.T.);
#306=FACE_OUTER_BOUND('',#450,.T.);
#307=FACE_OUTER_BOUND('',#451,.T.);
#308=FACE_OUTER_BOUND('',#452,.T.);
#309=FACE_OUTER_BOUND('',#453,.T.);
#310=FACE_OUTER_BOUND('',#454,.T.);
#311=FACE_OUTER_BOUND('',#455,.T.);
#312=FACE_OUTER_BOUND('',#456,.T.);
#313=FACE_OUTER_BOUND('',#457,.T.);
#314=FACE_OUTER_BOUND('',#458,.T.);
#315=FACE_OUTER_BOUND('',#459,.T.);
#316=FACE_OUTER_BOUND('',#460,.T.);
#317=FACE_OUTER_BOUND('',#461,.T.);
#318=FACE_OUTER_BOUND('',#462,.T.);
#319=FACE_OUTER_BOUND('',#463,.T.);
#320=FACE_OUTER_BOUND('',#464,.T.);
#321=FACE_OUTER_BOUND('',#465,.T.);
#322=FACE_OUTER_BOUND('',#466,.T.);
#323=FACE_OUTER_BOUND('',#467,.T.);
#324=FACE_OUTER_BOUND('',#468,.T.);
#325=FACE_OUTER_BOUND('',#469,.T.);
#326=FACE_OUTER_BOUND('',#470,.T.);
#327=FACE_OUTER_BOUND('',#471,.T.);
#328=FACE_OUTER_BOUND('',#472,.T.);
#329=FACE_OUTER_BOUND('',#473,.T.);
#330=FACE_OUTER_BOUND('',#474,.T.);
#331=FACE_OUTER_BOUND('',#475,.T.);
#332=FACE_OUTER_BOUND('',#476,.T.);
#333=FACE_OUTER_BOUND('',#477,.T.);
#334=FACE_OUTER_BOUND('',#478,.T.);
#335=FACE_OUTER_BOUND('',#479,.T.);
#336=FACE_OUTER_BOUND('',#480,.T.);
#337=FACE_OUTER_BOUND('',#481,.T.);
#338=FACE_OUTER_BOUND('',#482,.T.);
#339=FACE_OUTER_BOUND('',#483,.T.);
#340=FACE_OUTER_BOUND('',#484,.T.);
#341=FACE_OUTER_BOUND('',#485,.T.);
#342=FACE_OUTER_BOUND('',#486,.T.);
#343=FACE_OUTER_BOUND('',#487,.T.);
#344=FACE_OUTER_BOUND('',#488,.T.);
#345=FACE_OUTER_BOUND('',#489,.T.);
#346=FACE_OUTER_BOUND('',#494,.T.);
#347=FACE_OUTER_BOUND('',#499,.T.);
#348=FACE_OUTER_BOUND('',#500,.T.);
#349=FACE_OUTER_BOUND('',#501,.T.);
#350=FACE_OUTER_BOUND('',#502,.T.);
#351=FACE_OUTER_BOUND('',#503,.T.);
#352=FACE_OUTER_BOUND('',#504,.T.);
#353=FACE_OUTER_BOUND('',#505,.T.);
#354=FACE_OUTER_BOUND('',#506,.T.);
#355=FACE_OUTER_BOUND('',#507,.T.);
#356=FACE_OUTER_BOUND('',#508,.T.);
#357=FACE_OUTER_BOUND('',#509,.T.);
#358=FACE_OUTER_BOUND('',#510,.T.);
#359=EDGE_LOOP('',(#1033,#1034,#1035,#1036));
#360=EDGE_LOOP('',(#1037));
#361=EDGE_LOOP('',(#1038));
#362=EDGE_LOOP('',(#1039));
#363=EDGE_LOOP('',(#1040));
#364=EDGE_LOOP('',(#1041,#1042,#1043,#1044));
#365=EDGE_LOOP('',(#1045));
#366=EDGE_LOOP('',(#1046));
#367=EDGE_LOOP('',(#1047));
#368=EDGE_LOOP('',(#1048));
#369=EDGE_LOOP('',(#1049,#1050,#1051,#1052));
#370=EDGE_LOOP('',(#1053,#1054,#1055,#1056));
#371=EDGE_LOOP('',(#1057,#1058,#1059,#1060));
#372=EDGE_LOOP('',(#1061,#1062,#1063,#1064));
#373=EDGE_LOOP('',(#1065,#1066,#1067,#1068));
#374=EDGE_LOOP('',(#1069,#1070,#1071,#1072));
#375=EDGE_LOOP('',(#1073,#1074,#1075,#1076));
#376=EDGE_LOOP('',(#1077,#1078,#1079,#1080));
#377=EDGE_LOOP('',(#1081));
#378=EDGE_LOOP('',(#1082));
#379=EDGE_LOOP('',(#1083,#1084,#1085,#1086));
#380=EDGE_LOOP('',(#1087,#1088,#1089,#1090));
#381=EDGE_LOOP('',(#1091,#1092,#1093,#1094));
#382=EDGE_LOOP('',(#1095,#1096,#1097,#1098));
#383=EDGE_LOOP('',(#1099,#1100,#1101,#1102));
#384=EDGE_LOOP('',(#1103,#1104,#1105,#1106));
#385=EDGE_LOOP('',(#1107,#1108,#1109,#1110));
#386=EDGE_LOOP('',(#1111,#1112,#1113,#1114));
#387=EDGE_LOOP('',(#1115,#1116,#1117,#1118));
#388=EDGE_LOOP('',(#1119,#1120,#1121,#1122));
#389=EDGE_LOOP('',(#1123,#1124,#1125,#1126));
#390=EDGE_LOOP('',(#1127,#1128,#1129,#1130));
#391=EDGE_LOOP('',(#1131,#1132,#1133,#1134));
#392=EDGE_LOOP('',(#1135,#1136,#1137,#1138,#1139,#1140));
#393=EDGE_LOOP('',(#1141,#1142,#1143,#1144,#1145,#1146));
#394=EDGE_LOOP('',(#1147,#1148,#1149,#1150));
#395=EDGE_LOOP('',(#1151,#1152,#1153,#1154));
#396=EDGE_LOOP('',(#1155,#1156,#1157,#1158));
#397=EDGE_LOOP('',(#1159,#1160,#1161,#1162));
#398=EDGE_LOOP('',(#1163,#1164,#1165,#1166));
#399=EDGE_LOOP('',(#1167,#1168,#1169,#1170));
#400=EDGE_LOOP('',(#1171));
#401=EDGE_LOOP('',(#1172));
#402=EDGE_LOOP('',(#1173,#1174,#1175,#1176));
#403=EDGE_LOOP('',(#1177));
#404=EDGE_LOOP('',(#1178));
#405=EDGE_LOOP('',(#1179,#1180,#1181,#1182));
#406=EDGE_LOOP('',(#1183));
#407=EDGE_LOOP('',(#1184));
#408=EDGE_LOOP('',(#1185,#1186,#1187,#1188));
#409=EDGE_LOOP('',(#1189,#1190,#1191,#1192));
#410=EDGE_LOOP('',(#1193));
#411=EDGE_LOOP('',(#1194));
#412=EDGE_LOOP('',(#1195));
#413=EDGE_LOOP('',(#1196,#1197,#1198,#1199));
#414=EDGE_LOOP('',(#1200));
#415=EDGE_LOOP('',(#1201));
#416=EDGE_LOOP('',(#1202,#1203,#1204,#1205));
#417=EDGE_LOOP('',(#1206));
#418=EDGE_LOOP('',(#1207));
#419=EDGE_LOOP('',(#1208,#1209,#1210,#1211));
#420=EDGE_LOOP('',(#1212));
#421=EDGE_LOOP('',(#1213));
#422=EDGE_LOOP('',(#1214,#1215,#1216,#1217));
#423=EDGE_LOOP('',(#1218));
#424=EDGE_LOOP('',(#1219));
#425=EDGE_LOOP('',(#1220,#1221,#1222,#1223));
#426=EDGE_LOOP('',(#1224));
#427=EDGE_LOOP('',(#1225));
#428=EDGE_LOOP('',(#1226,#1227,#1228,#1229));
#429=EDGE_LOOP('',(#1230));
#430=EDGE_LOOP('',(#1231));
#431=EDGE_LOOP('',(#1232,#1233,#1234,#1235));
#432=EDGE_LOOP('',(#1236));
#433=EDGE_LOOP('',(#1237,#1238,#1239,#1240));
#434=EDGE_LOOP('',(#1241));
#435=EDGE_LOOP('',(#1242));
#436=EDGE_LOOP('',(#1243));
#437=EDGE_LOOP('',(#1244,#1245,#1246,#1247));
#438=EDGE_LOOP('',(#1248));
#439=EDGE_LOOP('',(#1249,#1250,#1251,#1252));
#440=EDGE_LOOP('',(#1253));
#441=EDGE_LOOP('',(#1254));
#442=EDGE_LOOP('',(#1255,#1256,#1257,#1258));
#443=EDGE_LOOP('',(#1259));
#444=EDGE_LOOP('',(#1260));
#445=EDGE_LOOP('',(#1261));
#446=EDGE_LOOP('',(#1262,#1263,#1264,#1265));
#447=EDGE_LOOP('',(#1266));
#448=EDGE_LOOP('',(#1267));
#449=EDGE_LOOP('',(#1268,#1269,#1270,#1271));
#450=EDGE_LOOP('',(#1272));
#451=EDGE_LOOP('',(#1273));
#452=EDGE_LOOP('',(#1274,#1275,#1276,#1277));
#453=EDGE_LOOP('',(#1278));
#454=EDGE_LOOP('',(#1279));
#455=EDGE_LOOP('',(#1280,#1281,#1282,#1283));
#456=EDGE_LOOP('',(#1284));
#457=EDGE_LOOP('',(#1285));
#458=EDGE_LOOP('',(#1286,#1287,#1288,#1289));
#459=EDGE_LOOP('',(#1290));
#460=EDGE_LOOP('',(#1291));
#461=EDGE_LOOP('',(#1292,#1293,#1294,#1295));
#462=EDGE_LOOP('',(#1296));
#463=EDGE_LOOP('',(#1297));
#464=EDGE_LOOP('',(#1298));
#465=EDGE_LOOP('',(#1299,#1300,#1301,#1302));
#466=EDGE_LOOP('',(#1303));
#467=EDGE_LOOP('',(#1304));
#468=EDGE_LOOP('',(#1305,#1306,#1307,#1308));
#469=EDGE_LOOP('',(#1309));
#470=EDGE_LOOP('',(#1310));
#471=EDGE_LOOP('',(#1311,#1312,#1313,#1314));
#472=EDGE_LOOP('',(#1315));
#473=EDGE_LOOP('',(#1316));
#474=EDGE_LOOP('',(#1317,#1318,#1319,#1320));
#475=EDGE_LOOP('',(#1321,#1322,#1323,#1324));
#476=EDGE_LOOP('',(#1325));
#477=EDGE_LOOP('',(#1326));
#478=EDGE_LOOP('',(#1327,#1328,#1329,#1330));
#479=EDGE_LOOP('',(#1331));
#480=EDGE_LOOP('',(#1332));
#481=EDGE_LOOP('',(#1333,#1334,#1335,#1336));
#482=EDGE_LOOP('',(#1337,#1338,#1339,#1340));
#483=EDGE_LOOP('',(#1341,#1342,#1343,#1344));
#484=EDGE_LOOP('',(#1345,#1346,#1347,#1348));
#485=EDGE_LOOP('',(#1349,#1350,#1351,#1352));
#486=EDGE_LOOP('',(#1353,#1354,#1355,#1356));
#487=EDGE_LOOP('',(#1357,#1358,#1359,#1360));
#488=EDGE_LOOP('',(#1361,#1362,#1363,#1364));
#489=EDGE_LOOP('',(#1365,#1366,#1367,#1368));
#490=EDGE_LOOP('',(#1369));
#491=EDGE_LOOP('',(#1370));
#492=EDGE_LOOP('',(#1371));
#493=EDGE_LOOP('',(#1372));
#494=EDGE_LOOP('',(#1373,#1374,#1375,#1376));
#495=EDGE_LOOP('',(#1377));
#496=EDGE_LOOP('',(#1378));
#497=EDGE_LOOP('',(#1379));
#498=EDGE_LOOP('',(#1380));
#499=EDGE_LOOP('',(#1381));
#500=EDGE_LOOP('',(#1382,#1383,#1384,#1385));
#501=EDGE_LOOP('',(#1386));
#502=EDGE_LOOP('',(#1387));
#503=EDGE_LOOP('',(#1388,#1389,#1390,#1391));
#504=EDGE_LOOP('',(#1392));
#505=EDGE_LOOP('',(#1393));
#506=EDGE_LOOP('',(#1394,#1395,#1396,#1397));
#507=EDGE_LOOP('',(#1398));
#508=EDGE_LOOP('',(#1399));
#509=EDGE_LOOP('',(#1400,#1401,#1402,#1403));
#510=EDGE_LOOP('',(#1404));
#511=LINE('',#2447,#617);
#512=LINE('',#2449,#618);
#513=LINE('',#2451,#619);
#514=LINE('',#2452,#620);
#515=LINE('',#2464,#621);
#516=LINE('',#2466,#622);
#517=LINE('',#2468,#623);
#518=LINE('',#2469,#624);
#519=LINE('',#2479,#625);
#520=LINE('',#2480,#626);
#521=LINE('',#2482,#627);
#522=LINE('',#2484,#628);
#523=LINE('',#2487,#629);
#524=LINE('',#2489,#630);
#525=LINE('',#2491,#631);
#526=LINE('',#2493,#632);
#527=LINE('',#2501,#633);
#528=LINE('',#2505,#634);
#529=LINE('',#2507,#635);
#530=LINE('',#2509,#636);
#531=LINE('',#2510,#637);
#532=LINE('',#2513,#638);
#533=LINE('',#2515,#639);
#534=LINE('',#2516,#640);
#535=LINE('',#2519,#641);
#536=LINE('',#2520,#642);
#537=LINE('',#2523,#643);
#538=LINE('',#2524,#644);
#539=LINE('',#2526,#645);
#540=LINE('',#2531,#646);
#541=LINE('',#2533,#647);
#542=LINE('',#2535,#648);
#543=LINE('',#2536,#649);
#544=LINE('',#2539,#650);
#545=LINE('',#2541,#651);
#546=LINE('',#2542,#652);
#547=LINE('',#2545,#653);
#548=LINE('',#2547,#654);
#549=LINE('',#2548,#655);
#550=LINE('',#2551,#656);
#551=LINE('',#2553,#657);
#552=LINE('',#2554,#658);
#553=LINE('',#2557,#659);
#554=LINE('',#2559,#660);
#555=LINE('',#2560,#661);
#556=LINE('',#2562,#662);
#557=LINE('',#2563,#663);
#558=LINE('',#2569,#664);
#559=LINE('',#2571,#665);
#560=LINE('',#2573,#666);
#561=LINE('',#2574,#667);
#562=LINE('',#2578,#668);
#563=LINE('',#2579,#669);
#564=LINE('',#2580,#670);
#565=LINE('',#2583,#671);
#566=LINE('',#2584,#672);
#567=LINE('',#2587,#673);
#568=LINE('',#2588,#674);
#569=LINE('',#2590,#675);
#570=LINE('',#2599,#676);
#571=LINE('',#2607,#677);
#572=LINE('',#2615,#678);
#573=LINE('',#2620,#679);
#574=LINE('',#2629,#680);
#575=LINE('',#2637,#681);
#576=LINE('',#2645,#682);
#577=LINE('',#2653,#683);
#578=LINE('',#2662,#684);
#579=LINE('',#2670,#685);
#580=LINE('',#2678,#686);
#581=LINE('',#2684,#687);
#582=LINE('',#2694,#688);
#583=LINE('',#2700,#689);
#584=LINE('',#2708,#690);
#585=LINE('',#2718,#691);
#586=LINE('',#2726,#692);
#587=LINE('',#2734,#693);
#588=LINE('',#2741,#694);
#589=LINE('',#2749,#695);
#590=LINE('',#2757,#696);
#591=LINE('',#2767,#697);
#592=LINE('',#2775,#698);
#593=LINE('',#2783,#699);
#594=LINE('',#2791,#700);
#595=LINE('',#2796,#701);
#596=LINE('',#2804,#702);
#597=LINE('',#2812,#703);
#598=LINE('',#2818,#704);
#599=LINE('',#2824,#705);
#600=LINE('',#2830,#706);
#601=LINE('',#2835,#707);
#602=LINE('',#2837,#708);
#603=LINE('',#2839,#709);
#604=LINE('',#2840,#710);
#605=LINE('',#2843,#711);
#606=LINE('',#2845,#712);
#607=LINE('',#2846,#713);
#608=LINE('',#2849,#714);
#609=LINE('',#2851,#715);
#610=LINE('',#2852,#716);
#611=LINE('',#2854,#717);
#612=LINE('',#2855,#718);
#613=LINE('',#2864,#719);
#614=LINE('',#2872,#720);
#615=LINE('',#2880,#721);
#616=LINE('',#2888,#722);
#617=VECTOR('',#1907,1.);
#618=VECTOR('',#1908,1.);
#619=VECTOR('',#1909,1.);
#620=VECTOR('',#1910,1.);
#621=VECTOR('',#1921,1.);
#622=VECTOR('',#1922,1.);
#623=VECTOR('',#1923,1.);
#624=VECTOR('',#1924,1.);
#625=VECTOR('',#1935,1.);
#626=VECTOR('',#1936,1.);
#627=VECTOR('',#1939,1.);
#628=VECTOR('',#1942,1.);
#629=VECTOR('',#1947,0.15);
#630=VECTOR('',#1950,0.15);
#631=VECTOR('',#1953,0.15);
#632=VECTOR('',#1956,0.15);
#633=VECTOR('',#1967,0.0499999999999998);
#634=VECTOR('',#1970,1.);
#635=VECTOR('',#1971,1.);
#636=VECTOR('',#1972,1.);
#637=VECTOR('',#1973,1.);
#638=VECTOR('',#1976,1.);
#639=VECTOR('',#1977,1.);
#640=VECTOR('',#1978,1.);
#641=VECTOR('',#1981,1.);
#642=VECTOR('',#1982,1.);
#643=VECTOR('',#1985,1.);
#644=VECTOR('',#1986,1.);
#645=VECTOR('',#1989,1.);
#646=VECTOR('',#1994,1.);
#647=VECTOR('',#1995,1.);
#648=VECTOR('',#1996,1.);
#649=VECTOR('',#1997,1.);
#650=VECTOR('',#2000,1.);
#651=VECTOR('',#2001,1.);
#652=VECTOR('',#2002,1.);
#653=VECTOR('',#2005,1.);
#654=VECTOR('',#2006,1.);
#655=VECTOR('',#2007,1.);
#656=VECTOR('',#2010,1.);
#657=VECTOR('',#2011,1.);
#658=VECTOR('',#2012,1.);
#659=VECTOR('',#2015,1.);
#660=VECTOR('',#2016,1.);
#661=VECTOR('',#2017,1.);
#662=VECTOR('',#2020,1.);
#663=VECTOR('',#2021,1.);
#664=VECTOR('',#2028,1.);
#665=VECTOR('',#2029,1.);
#666=VECTOR('',#2030,1.);
#667=VECTOR('',#2031,1.);
#668=VECTOR('',#2034,1.);
#669=VECTOR('',#2035,1.);
#670=VECTOR('',#2036,1.);
#671=VECTOR('',#2039,1.);
#672=VECTOR('',#2040,1.);
#673=VECTOR('',#2043,1.);
#674=VECTOR('',#2044,1.);
#675=VECTOR('',#2047,1.);
#676=VECTOR('',#2060,0.0499999999999998);
#677=VECTOR('',#2071,0.0499999999999998);
#678=VECTOR('',#2082,0.0499999999999998);
#679=VECTOR('',#2087,0.0499999999999998);
#680=VECTOR('',#2100,0.0499999999999998);
#681=VECTOR('',#2111,0.0499999999999998);
#682=VECTOR('',#2122,0.0499999999999998);
#683=VECTOR('',#2133,0.0499999999999998);
#684=VECTOR('',#2146,0.0499999999999998);
#685=VECTOR('',#2157,0.0499999999999998);
#686=VECTOR('',#2168,0.0499999999999998);
#687=VECTOR('',#2175,0.0499999999999998);
#688=VECTOR('',#2190,0.0499999999999998);
#689=VECTOR('',#2197,0.0499999999999998);
#690=VECTOR('',#2208,0.0499999999999998);
#691=VECTOR('',#2223,0.0499999999999998);
#692=VECTOR('',#2234,0.0499999999999998);
#693=VECTOR('',#2245,0.0499999999999998);
#694=VECTOR('',#2254,0.0499999999999998);
#695=VECTOR('',#2265,0.0499999999999998);
#696=VECTOR('',#2276,0.0499999999999998);
#697=VECTOR('',#2291,0.0499999999999998);
#698=VECTOR('',#2302,0.0499999999999998);
#699=VECTOR('',#2313,0.0499999999999998);
#700=VECTOR('',#2324,0.0499999999999998);
#701=VECTOR('',#2329,0.0499999999999998);
#702=VECTOR('',#2340,0.0499999999999998);
#703=VECTOR('',#2351,0.0499999999999998);
#704=VECTOR('',#2358,0.0499999999999998);
#705=VECTOR('',#2365,0.0499999999999998);
#706=VECTOR('',#2372,0.0499999999999998);
#707=VECTOR('',#2377,1.);
#708=VECTOR('',#2378,1.);
#709=VECTOR('',#2379,1.);
#710=VECTOR('',#2380,1.);
#711=VECTOR('',#2383,1.);
#712=VECTOR('',#2384,1.);
#713=VECTOR('',#2385,1.);
#714=VECTOR('',#2388,1.);
#715=VECTOR('',#2389,1.);
#716=VECTOR('',#2390,1.);
#717=VECTOR('',#2393,1.);
#718=VECTOR('',#2394,1.);
#719=VECTOR('',#2407,0.0499999999999998);
#720=VECTOR('',#2418,0.0499999999999998);
#721=VECTOR('',#2429,0.0499999999999998);
#722=VECTOR('',#2440,0.0499999999999998);
#723=VERTEX_POINT('',#2445);
#724=VERTEX_POINT('',#2446);
#725=VERTEX_POINT('',#2448);
#726=VERTEX_POINT('',#2450);
#727=VERTEX_POINT('',#2453);
#728=VERTEX_POINT('',#2455);
#729=VERTEX_POINT('',#2457);
#730=VERTEX_POINT('',#2459);
#731=VERTEX_POINT('',#2462);
#732=VERTEX_POINT('',#2463);
#733=VERTEX_POINT('',#2465);
#734=VERTEX_POINT('',#2467);
#735=VERTEX_POINT('',#2470);
#736=VERTEX_POINT('',#2472);
#737=VERTEX_POINT('',#2474);
#738=VERTEX_POINT('',#2476);
#739=VERTEX_POINT('',#2495);
#740=VERTEX_POINT('',#2498);
#741=VERTEX_POINT('',#2503);
#742=VERTEX_POINT('',#2504);
#743=VERTEX_POINT('',#2506);
#744=VERTEX_POINT('',#2508);
#745=VERTEX_POINT('',#2512);
#746=VERTEX_POINT('',#2514);
#747=VERTEX_POINT('',#2518);
#748=VERTEX_POINT('',#2522);
#749=VERTEX_POINT('',#2529);
#750=VERTEX_POINT('',#2530);
#751=VERTEX_POINT('',#2532);
#752=VERTEX_POINT('',#2534);
#753=VERTEX_POINT('',#2538);
#754=VERTEX_POINT('',#2540);
#755=VERTEX_POINT('',#2544);
#756=VERTEX_POINT('',#2546);
#757=VERTEX_POINT('',#2550);
#758=VERTEX_POINT('',#2552);
#759=VERTEX_POINT('',#2556);
#760=VERTEX_POINT('',#2558);
#761=VERTEX_POINT('',#2567);
#762=VERTEX_POINT('',#2568);
#763=VERTEX_POINT('',#2570);
#764=VERTEX_POINT('',#2572);
#765=VERTEX_POINT('',#2576);
#766=VERTEX_POINT('',#2577);
#767=VERTEX_POINT('',#2582);
#768=VERTEX_POINT('',#2586);
#769=VERTEX_POINT('',#2593);
#770=VERTEX_POINT('',#2596);
#771=VERTEX_POINT('',#2601);
#772=VERTEX_POINT('',#2604);
#773=VERTEX_POINT('',#2609);
#774=VERTEX_POINT('',#2612);
#775=VERTEX_POINT('',#2617);
#776=VERTEX_POINT('',#2619);
#777=VERTEX_POINT('',#2625);
#778=VERTEX_POINT('',#2628);
#779=VERTEX_POINT('',#2633);
#780=VERTEX_POINT('',#2636);
#781=VERTEX_POINT('',#2641);
#782=VERTEX_POINT('',#2644);
#783=VERTEX_POINT('',#2649);
#784=VERTEX_POINT('',#2652);
#785=VERTEX_POINT('',#2657);
#786=VERTEX_POINT('',#2660);
#787=VERTEX_POINT('',#2665);
#788=VERTEX_POINT('',#2668);
#789=VERTEX_POINT('',#2673);
#790=VERTEX_POINT('',#2676);
#791=VERTEX_POINT('',#2681);
#792=VERTEX_POINT('',#2683);
#793=VERTEX_POINT('',#2689);
#794=VERTEX_POINT('',#2692);
#795=VERTEX_POINT('',#2697);
#796=VERTEX_POINT('',#2699);
#797=VERTEX_POINT('',#2705);
#798=VERTEX_POINT('',#2707);
#799=VERTEX_POINT('',#2713);
#800=VERTEX_POINT('',#2716);
#801=VERTEX_POINT('',#2721);
#802=VERTEX_POINT('',#2724);
#803=VERTEX_POINT('',#2729);
#804=VERTEX_POINT('',#2732);
#805=VERTEX_POINT('',#2737);
#806=VERTEX_POINT('',#2740);
#807=VERTEX_POINT('',#2745);
#808=VERTEX_POINT('',#2748);
#809=VERTEX_POINT('',#2753);
#810=VERTEX_POINT('',#2756);
#811=VERTEX_POINT('',#2761);
#812=VERTEX_POINT('',#2764);
#813=VERTEX_POINT('',#2769);
#814=VERTEX_POINT('',#2772);
#815=VERTEX_POINT('',#2777);
#816=VERTEX_POINT('',#2780);
#817=VERTEX_POINT('',#2785);
#818=VERTEX_POINT('',#2788);
#819=VERTEX_POINT('',#2793);
#820=VERTEX_POINT('',#2795);
#821=VERTEX_POINT('',#2801);
#822=VERTEX_POINT('',#2803);
#823=VERTEX_POINT('',#2809);
#824=VERTEX_POINT('',#2811);
#825=VERTEX_POINT('',#2815);
#826=VERTEX_POINT('',#2817);
#827=VERTEX_POINT('',#2821);
#828=VERTEX_POINT('',#2823);
#829=VERTEX_POINT('',#2827);
#830=VERTEX_POINT('',#2829);
#831=VERTEX_POINT('',#2833);
#832=VERTEX_POINT('',#2834);
#833=VERTEX_POINT('',#2836);
#834=VERTEX_POINT('',#2838);
#835=VERTEX_POINT('',#2842);
#836=VERTEX_POINT('',#2844);
#837=VERTEX_POINT('',#2848);
#838=VERTEX_POINT('',#2850);
#839=VERTEX_POINT('',#2859);
#840=VERTEX_POINT('',#2862);
#841=VERTEX_POINT('',#2867);
#842=VERTEX_POINT('',#2870);
#843=VERTEX_POINT('',#2875);
#844=VERTEX_POINT('',#2878);
#845=VERTEX_POINT('',#2883);
#846=VERTEX_POINT('',#2886);
#847=EDGE_CURVE('',#723,#724,#511,.T.);
#848=EDGE_CURVE('',#724,#725,#512,.T.);
#849=EDGE_CURVE('',#725,#726,#513,.T.);
#850=EDGE_CURVE('',#726,#723,#514,.T.);
#851=EDGE_CURVE('',#727,#727,#143,.T.);
#852=EDGE_CURVE('',#728,#728,#144,.T.);
#853=EDGE_CURVE('',#729,#729,#145,.T.);
#854=EDGE_CURVE('',#730,#730,#146,.T.);
#855=EDGE_CURVE('',#731,#732,#515,.T.);
#856=EDGE_CURVE('',#732,#733,#516,.T.);
#857=EDGE_CURVE('',#733,#734,#517,.T.);
#858=EDGE_CURVE('',#734,#731,#518,.T.);
#859=EDGE_CURVE('',#735,#735,#147,.T.);
#860=EDGE_CURVE('',#736,#736,#148,.T.);
#861=EDGE_CURVE('',#737,#737,#149,.T.);
#862=EDGE_CURVE('',#738,#738,#150,.T.);
#863=EDGE_CURVE('',#723,#732,#519,.T.);
#864=EDGE_CURVE('',#724,#731,#520,.T.);
#865=EDGE_CURVE('',#726,#733,#521,.T.);
#866=EDGE_CURVE('',#725,#734,#522,.T.);
#867=EDGE_CURVE('',#735,#727,#523,.T.);
#868=EDGE_CURVE('',#736,#728,#524,.T.);
#869=EDGE_CURVE('',#737,#729,#525,.T.);
#870=EDGE_CURVE('',#738,#730,#526,.T.);
#871=EDGE_CURVE('',#739,#739,#151,.T.);
#872=EDGE_CURVE('',#740,#740,#152,.T.);
#873=EDGE_CURVE('',#739,#740,#527,.T.);
#874=EDGE_CURVE('',#741,#742,#528,.T.);
#875=EDGE_CURVE('',#742,#743,#529,.T.);
#876=EDGE_CURVE('',#743,#744,#530,.T.);
#877=EDGE_CURVE('',#744,#741,#531,.T.);
#878=EDGE_CURVE('',#741,#745,#532,.T.);
#879=EDGE_CURVE('',#746,#745,#533,.T.);
#880=EDGE_CURVE('',#742,#746,#534,.T.);
#881=EDGE_CURVE('',#747,#746,#535,.T.);
#882=EDGE_CURVE('',#743,#747,#536,.T.);
#883=EDGE_CURVE('',#748,#747,#537,.T.);
#884=EDGE_CURVE('',#744,#748,#538,.T.);
#885=EDGE_CURVE('',#745,#748,#539,.T.);
#886=EDGE_CURVE('',#749,#750,#540,.T.);
#887=EDGE_CURVE('',#749,#751,#541,.T.);
#888=EDGE_CURVE('',#752,#751,#542,.T.);
#889=EDGE_CURVE('',#750,#752,#543,.T.);
#890=EDGE_CURVE('',#750,#753,#544,.T.);
#891=EDGE_CURVE('',#754,#752,#545,.T.);
#892=EDGE_CURVE('',#753,#754,#546,.T.);
#893=EDGE_CURVE('',#753,#755,#547,.T.);
#894=EDGE_CURVE('',#756,#754,#548,.T.);
#895=EDGE_CURVE('',#755,#756,#549,.T.);
#896=EDGE_CURVE('',#755,#757,#550,.T.);
#897=EDGE_CURVE('',#758,#756,#551,.T.);
#898=EDGE_CURVE('',#757,#758,#552,.T.);
#899=EDGE_CURVE('',#757,#759,#553,.T.);
#900=EDGE_CURVE('',#760,#758,#554,.T.);
#901=EDGE_CURVE('',#759,#760,#555,.T.);
#902=EDGE_CURVE('',#759,#749,#556,.T.);
#903=EDGE_CURVE('',#751,#760,#557,.T.);
#904=EDGE_CURVE('',#761,#762,#558,.T.);
#905=EDGE_CURVE('',#762,#763,#559,.T.);
#906=EDGE_CURVE('',#763,#764,#560,.T.);
#907=EDGE_CURVE('',#764,#761,#561,.T.);
#908=EDGE_CURVE('',#765,#766,#562,.T.);
#909=EDGE_CURVE('',#765,#761,#563,.T.);
#910=EDGE_CURVE('',#766,#764,#564,.T.);
#911=EDGE_CURVE('',#766,#767,#565,.T.);
#912=EDGE_CURVE('',#767,#763,#566,.T.);
#913=EDGE_CURVE('',#767,#768,#567,.T.);
#914=EDGE_CURVE('',#768,#762,#568,.T.);
#915=EDGE_CURVE('',#768,#765,#569,.T.);
#916=EDGE_CURVE('',#769,#769,#153,.T.);
#917=EDGE_CURVE('',#770,#770,#154,.T.);
#918=EDGE_CURVE('',#769,#770,#570,.T.);
#919=EDGE_CURVE('',#771,#771,#155,.T.);
#920=EDGE_CURVE('',#772,#772,#156,.T.);
#921=EDGE_CURVE('',#771,#772,#571,.T.);
#922=EDGE_CURVE('',#773,#773,#157,.T.);
#923=EDGE_CURVE('',#774,#774,#158,.T.);
#924=EDGE_CURVE('',#773,#774,#572,.T.);
#925=EDGE_CURVE('',#775,#775,#159,.T.);
#926=EDGE_CURVE('',#775,#776,#573,.T.);
#927=EDGE_CURVE('',#776,#776,#160,.T.);
#928=EDGE_CURVE('',#777,#777,#161,.T.);
#929=EDGE_CURVE('',#777,#778,#574,.T.);
#930=EDGE_CURVE('',#778,#778,#162,.T.);
#931=EDGE_CURVE('',#779,#779,#163,.T.);
#932=EDGE_CURVE('',#779,#780,#575,.T.);
#933=EDGE_CURVE('',#780,#780,#164,.T.);
#934=EDGE_CURVE('',#781,#781,#165,.T.);
#935=EDGE_CURVE('',#781,#782,#576,.T.);
#936=EDGE_CURVE('',#782,#782,#166,.T.);
#937=EDGE_CURVE('',#783,#783,#167,.T.);
#938=EDGE_CURVE('',#783,#784,#577,.T.);
#939=EDGE_CURVE('',#784,#784,#168,.T.);
#940=EDGE_CURVE('',#785,#785,#169,.T.);
#941=EDGE_CURVE('',#786,#786,#170,.T.);
#942=EDGE_CURVE('',#786,#785,#578,.T.);
#943=EDGE_CURVE('',#787,#787,#171,.T.);
#944=EDGE_CURVE('',#788,#788,#172,.T.);
#945=EDGE_CURVE('',#788,#787,#579,.T.);
#946=EDGE_CURVE('',#789,#789,#173,.T.);
#947=EDGE_CURVE('',#790,#790,#174,.T.);
#948=EDGE_CURVE('',#790,#789,#580,.T.);
#949=EDGE_CURVE('',#791,#791,#175,.T.);
#950=EDGE_CURVE('',#791,#792,#581,.T.);
#951=EDGE_CURVE('',#792,#792,#176,.T.);
#952=EDGE_CURVE('',#793,#793,#177,.T.);
#953=EDGE_CURVE('',#794,#794,#178,.T.);
#954=EDGE_CURVE('',#794,#793,#582,.T.);
#955=EDGE_CURVE('',#795,#795,#179,.T.);
#956=EDGE_CURVE('',#795,#796,#583,.T.);
#957=EDGE_CURVE('',#796,#796,#180,.T.);
#958=EDGE_CURVE('',#797,#797,#181,.T.);
#959=EDGE_CURVE('',#797,#798,#584,.T.);
#960=EDGE_CURVE('',#798,#798,#182,.T.);
#961=EDGE_CURVE('',#799,#799,#183,.T.);
#962=EDGE_CURVE('',#800,#800,#184,.T.);
#963=EDGE_CURVE('',#800,#799,#585,.T.);
#964=EDGE_CURVE('',#801,#801,#185,.T.);
#965=EDGE_CURVE('',#802,#802,#186,.T.);
#966=EDGE_CURVE('',#802,#801,#586,.T.);
#967=EDGE_CURVE('',#803,#803,#187,.T.);
#968=EDGE_CURVE('',#804,#804,#188,.T.);
#969=EDGE_CURVE('',#804,#803,#587,.T.);
#970=EDGE_CURVE('',#805,#805,#189,.T.);
#971=EDGE_CURVE('',#805,#806,#588,.T.);
#972=EDGE_CURVE('',#806,#806,#190,.T.);
#973=EDGE_CURVE('',#807,#807,#191,.T.);
#974=EDGE_CURVE('',#807,#808,#589,.T.);
#975=EDGE_CURVE('',#808,#808,#192,.T.);
#976=EDGE_CURVE('',#809,#809,#193,.T.);
#977=EDGE_CURVE('',#809,#810,#590,.T.);
#978=EDGE_CURVE('',#810,#810,#194,.T.);
#979=EDGE_CURVE('',#811,#811,#195,.T.);
#980=EDGE_CURVE('',#812,#812,#196,.T.);
#981=EDGE_CURVE('',#811,#812,#591,.T.);
#982=EDGE_CURVE('',#813,#813,#197,.T.);
#983=EDGE_CURVE('',#814,#814,#198,.T.);
#984=EDGE_CURVE('',#813,#814,#592,.T.);
#985=EDGE_CURVE('',#815,#815,#199,.T.);
#986=EDGE_CURVE('',#816,#816,#200,.T.);
#987=EDGE_CURVE('',#815,#816,#593,.T.);
#988=EDGE_CURVE('',#817,#817,#201,.T.);
#989=EDGE_CURVE('',#818,#818,#202,.T.);
#990=EDGE_CURVE('',#817,#818,#594,.T.);
#991=EDGE_CURVE('',#819,#819,#203,.T.);
#992=EDGE_CURVE('',#819,#820,#595,.T.);
#993=EDGE_CURVE('',#820,#820,#204,.T.);
#994=EDGE_CURVE('',#821,#821,#205,.T.);
#995=EDGE_CURVE('',#821,#822,#596,.T.);
#996=EDGE_CURVE('',#822,#822,#206,.T.);
#997=EDGE_CURVE('',#823,#823,#207,.T.);
#998=EDGE_CURVE('',#823,#824,#597,.T.);
#999=EDGE_CURVE('',#824,#824,#208,.T.);
#1000=EDGE_CURVE('',#825,#825,#209,.T.);
#1001=EDGE_CURVE('',#825,#826,#598,.T.);
#1002=EDGE_CURVE('',#826,#826,#210,.T.);
#1003=EDGE_CURVE('',#827,#827,#211,.T.);
#1004=EDGE_CURVE('',#827,#828,#599,.T.);
#1005=EDGE_CURVE('',#828,#828,#212,.T.);
#1006=EDGE_CURVE('',#829,#829,#213,.T.);
#1007=EDGE_CURVE('',#829,#830,#600,.T.);
#1008=EDGE_CURVE('',#830,#830,#214,.T.);
#1009=EDGE_CURVE('',#831,#832,#601,.T.);
#1010=EDGE_CURVE('',#831,#833,#602,.T.);
#1011=EDGE_CURVE('',#834,#833,#603,.T.);
#1012=EDGE_CURVE('',#832,#834,#604,.T.);
#1013=EDGE_CURVE('',#832,#835,#605,.T.);
#1014=EDGE_CURVE('',#836,#834,#606,.T.);
#1015=EDGE_CURVE('',#835,#836,#607,.T.);
#1016=EDGE_CURVE('',#837,#835,#608,.T.);
#1017=EDGE_CURVE('',#838,#836,#609,.T.);
#1018=EDGE_CURVE('',#837,#838,#610,.T.);
#1019=EDGE_CURVE('',#837,#831,#611,.T.);
#1020=EDGE_CURVE('',#833,#838,#612,.T.);
#1021=EDGE_CURVE('',#839,#839,#215,.T.);
#1022=EDGE_CURVE('',#840,#840,#216,.T.);
#1023=EDGE_CURVE('',#840,#839,#613,.T.);
#1024=EDGE_CURVE('',#841,#841,#217,.T.);
#1025=EDGE_CURVE('',#842,#842,#218,.T.);
#1026=EDGE_CURVE('',#842,#841,#614,.T.);
#1027=EDGE_CURVE('',#843,#843,#219,.T.);
#1028=EDGE_CURVE('',#844,#844,#220,.T.);
#1029=EDGE_CURVE('',#844,#843,#615,.T.);
#1030=EDGE_CURVE('',#845,#845,#221,.T.);
#1031=EDGE_CURVE('',#846,#846,#222,.T.);
#1032=EDGE_CURVE('',#846,#845,#616,.T.);
#1033=ORIENTED_EDGE('',*,*,#847,.T.);
#1034=ORIENTED_EDGE('',*,*,#848,.T.);
#1035=ORIENTED_EDGE('',*,*,#849,.T.);
#1036=ORIENTED_EDGE('',*,*,#850,.T.);
#1037=ORIENTED_EDGE('',*,*,#851,.F.);
#1038=ORIENTED_EDGE('',*,*,#852,.F.);
#1039=ORIENTED_EDGE('',*,*,#853,.F.);
#1040=ORIENTED_EDGE('',*,*,#854,.F.);
#1041=ORIENTED_EDGE('',*,*,#855,.T.);
#1042=ORIENTED_EDGE('',*,*,#856,.T.);
#1043=ORIENTED_EDGE('',*,*,#857,.T.);
#1044=ORIENTED_EDGE('',*,*,#858,.T.);
#1045=ORIENTED_EDGE('',*,*,#859,.T.);
#1046=ORIENTED_EDGE('',*,*,#860,.T.);
#1047=ORIENTED_EDGE('',*,*,#861,.T.);
#1048=ORIENTED_EDGE('',*,*,#862,.T.);
#1049=ORIENTED_EDGE('',*,*,#847,.F.);
#1050=ORIENTED_EDGE('',*,*,#863,.T.);
#1051=ORIENTED_EDGE('',*,*,#855,.F.);
#1052=ORIENTED_EDGE('',*,*,#864,.F.);
#1053=ORIENTED_EDGE('',*,*,#850,.F.);
#1054=ORIENTED_EDGE('',*,*,#865,.T.);
#1055=ORIENTED_EDGE('',*,*,#856,.F.);
#1056=ORIENTED_EDGE('',*,*,#863,.F.);
#1057=ORIENTED_EDGE('',*,*,#849,.F.);
#1058=ORIENTED_EDGE('',*,*,#866,.T.);
#1059=ORIENTED_EDGE('',*,*,#857,.F.);
#1060=ORIENTED_EDGE('',*,*,#865,.F.);
#1061=ORIENTED_EDGE('',*,*,#848,.F.);
#1062=ORIENTED_EDGE('',*,*,#864,.T.);
#1063=ORIENTED_EDGE('',*,*,#858,.F.);
#1064=ORIENTED_EDGE('',*,*,#866,.F.);
#1065=ORIENTED_EDGE('',*,*,#859,.F.);
#1066=ORIENTED_EDGE('',*,*,#867,.T.);
#1067=ORIENTED_EDGE('',*,*,#851,.T.);
#1068=ORIENTED_EDGE('',*,*,#867,.F.);
#1069=ORIENTED_EDGE('',*,*,#860,.F.);
#1070=ORIENTED_EDGE('',*,*,#868,.T.);
#1071=ORIENTED_EDGE('',*,*,#852,.T.);
#1072=ORIENTED_EDGE('',*,*,#868,.F.);
#1073=ORIENTED_EDGE('',*,*,#861,.F.);
#1074=ORIENTED_EDGE('',*,*,#869,.T.);
#1075=ORIENTED_EDGE('',*,*,#853,.T.);
#1076=ORIENTED_EDGE('',*,*,#869,.F.);
#1077=ORIENTED_EDGE('',*,*,#862,.F.);
#1078=ORIENTED_EDGE('',*,*,#870,.T.);
#1079=ORIENTED_EDGE('',*,*,#854,.T.);
#1080=ORIENTED_EDGE('',*,*,#870,.F.);
#1081=ORIENTED_EDGE('',*,*,#871,.F.);
#1082=ORIENTED_EDGE('',*,*,#872,.T.);
#1083=ORIENTED_EDGE('',*,*,#871,.T.);
#1084=ORIENTED_EDGE('',*,*,#873,.T.);
#1085=ORIENTED_EDGE('',*,*,#872,.F.);
#1086=ORIENTED_EDGE('',*,*,#873,.F.);
#1087=ORIENTED_EDGE('',*,*,#874,.T.);
#1088=ORIENTED_EDGE('',*,*,#875,.T.);
#1089=ORIENTED_EDGE('',*,*,#876,.T.);
#1090=ORIENTED_EDGE('',*,*,#877,.T.);
#1091=ORIENTED_EDGE('',*,*,#874,.F.);
#1092=ORIENTED_EDGE('',*,*,#878,.T.);
#1093=ORIENTED_EDGE('',*,*,#879,.F.);
#1094=ORIENTED_EDGE('',*,*,#880,.F.);
#1095=ORIENTED_EDGE('',*,*,#875,.F.);
#1096=ORIENTED_EDGE('',*,*,#880,.T.);
#1097=ORIENTED_EDGE('',*,*,#881,.F.);
#1098=ORIENTED_EDGE('',*,*,#882,.F.);
#1099=ORIENTED_EDGE('',*,*,#876,.F.);
#1100=ORIENTED_EDGE('',*,*,#882,.T.);
#1101=ORIENTED_EDGE('',*,*,#883,.F.);
#1102=ORIENTED_EDGE('',*,*,#884,.F.);
#1103=ORIENTED_EDGE('',*,*,#877,.F.);
#1104=ORIENTED_EDGE('',*,*,#884,.T.);
#1105=ORIENTED_EDGE('',*,*,#885,.F.);
#1106=ORIENTED_EDGE('',*,*,#878,.F.);
#1107=ORIENTED_EDGE('',*,*,#885,.T.);
#1108=ORIENTED_EDGE('',*,*,#883,.T.);
#1109=ORIENTED_EDGE('',*,*,#881,.T.);
#1110=ORIENTED_EDGE('',*,*,#879,.T.);
#1111=ORIENTED_EDGE('',*,*,#886,.F.);
#1112=ORIENTED_EDGE('',*,*,#887,.T.);
#1113=ORIENTED_EDGE('',*,*,#888,.F.);
#1114=ORIENTED_EDGE('',*,*,#889,.F.);
#1115=ORIENTED_EDGE('',*,*,#890,.F.);
#1116=ORIENTED_EDGE('',*,*,#889,.T.);
#1117=ORIENTED_EDGE('',*,*,#891,.F.);
#1118=ORIENTED_EDGE('',*,*,#892,.F.);
#1119=ORIENTED_EDGE('',*,*,#893,.F.);
#1120=ORIENTED_EDGE('',*,*,#892,.T.);
#1121=ORIENTED_EDGE('',*,*,#894,.F.);
#1122=ORIENTED_EDGE('',*,*,#895,.F.);
#1123=ORIENTED_EDGE('',*,*,#896,.F.);
#1124=ORIENTED_EDGE('',*,*,#895,.T.);
#1125=ORIENTED_EDGE('',*,*,#897,.F.);
#1126=ORIENTED_EDGE('',*,*,#898,.F.);
#1127=ORIENTED_EDGE('',*,*,#899,.F.);
#1128=ORIENTED_EDGE('',*,*,#898,.T.);
#1129=ORIENTED_EDGE('',*,*,#900,.F.);
#1130=ORIENTED_EDGE('',*,*,#901,.F.);
#1131=ORIENTED_EDGE('',*,*,#902,.F.);
#1132=ORIENTED_EDGE('',*,*,#901,.T.);
#1133=ORIENTED_EDGE('',*,*,#903,.F.);
#1134=ORIENTED_EDGE('',*,*,#887,.F.);
#1135=ORIENTED_EDGE('',*,*,#903,.T.);
#1136=ORIENTED_EDGE('',*,*,#900,.T.);
#1137=ORIENTED_EDGE('',*,*,#897,.T.);
#1138=ORIENTED_EDGE('',*,*,#894,.T.);
#1139=ORIENTED_EDGE('',*,*,#891,.T.);
#1140=ORIENTED_EDGE('',*,*,#888,.T.);
#1141=ORIENTED_EDGE('',*,*,#902,.T.);
#1142=ORIENTED_EDGE('',*,*,#886,.T.);
#1143=ORIENTED_EDGE('',*,*,#890,.T.);
#1144=ORIENTED_EDGE('',*,*,#893,.T.);
#1145=ORIENTED_EDGE('',*,*,#896,.T.);
#1146=ORIENTED_EDGE('',*,*,#899,.T.);
#1147=ORIENTED_EDGE('',*,*,#904,.T.);
#1148=ORIENTED_EDGE('',*,*,#905,.T.);
#1149=ORIENTED_EDGE('',*,*,#906,.T.);
#1150=ORIENTED_EDGE('',*,*,#907,.T.);
#1151=ORIENTED_EDGE('',*,*,#908,.F.);
#1152=ORIENTED_EDGE('',*,*,#909,.T.);
#1153=ORIENTED_EDGE('',*,*,#907,.F.);
#1154=ORIENTED_EDGE('',*,*,#910,.F.);
#1155=ORIENTED_EDGE('',*,*,#911,.F.);
#1156=ORIENTED_EDGE('',*,*,#910,.T.);
#1157=ORIENTED_EDGE('',*,*,#906,.F.);
#1158=ORIENTED_EDGE('',*,*,#912,.F.);
#1159=ORIENTED_EDGE('',*,*,#913,.F.);
#1160=ORIENTED_EDGE('',*,*,#912,.T.);
#1161=ORIENTED_EDGE('',*,*,#905,.F.);
#1162=ORIENTED_EDGE('',*,*,#914,.F.);
#1163=ORIENTED_EDGE('',*,*,#915,.F.);
#1164=ORIENTED_EDGE('',*,*,#914,.T.);
#1165=ORIENTED_EDGE('',*,*,#904,.F.);
#1166=ORIENTED_EDGE('',*,*,#909,.F.);
#1167=ORIENTED_EDGE('',*,*,#915,.T.);
#1168=ORIENTED_EDGE('',*,*,#908,.T.);
#1169=ORIENTED_EDGE('',*,*,#911,.T.);
#1170=ORIENTED_EDGE('',*,*,#913,.T.);
#1171=ORIENTED_EDGE('',*,*,#916,.F.);
#1172=ORIENTED_EDGE('',*,*,#917,.T.);
#1173=ORIENTED_EDGE('',*,*,#916,.T.);
#1174=ORIENTED_EDGE('',*,*,#918,.T.);
#1175=ORIENTED_EDGE('',*,*,#917,.F.);
#1176=ORIENTED_EDGE('',*,*,#918,.F.);
#1177=ORIENTED_EDGE('',*,*,#919,.F.);
#1178=ORIENTED_EDGE('',*,*,#920,.T.);
#1179=ORIENTED_EDGE('',*,*,#919,.T.);
#1180=ORIENTED_EDGE('',*,*,#921,.T.);
#1181=ORIENTED_EDGE('',*,*,#920,.F.);
#1182=ORIENTED_EDGE('',*,*,#921,.F.);
#1183=ORIENTED_EDGE('',*,*,#922,.F.);
#1184=ORIENTED_EDGE('',*,*,#923,.T.);
#1185=ORIENTED_EDGE('',*,*,#922,.T.);
#1186=ORIENTED_EDGE('',*,*,#924,.T.);
#1187=ORIENTED_EDGE('',*,*,#923,.F.);
#1188=ORIENTED_EDGE('',*,*,#924,.F.);
#1189=ORIENTED_EDGE('',*,*,#925,.T.);
#1190=ORIENTED_EDGE('',*,*,#926,.T.);
#1191=ORIENTED_EDGE('',*,*,#927,.F.);
#1192=ORIENTED_EDGE('',*,*,#926,.F.);
#1193=ORIENTED_EDGE('',*,*,#927,.T.);
#1194=ORIENTED_EDGE('',*,*,#925,.F.);
#1195=ORIENTED_EDGE('',*,*,#928,.T.);
#1196=ORIENTED_EDGE('',*,*,#928,.F.);
#1197=ORIENTED_EDGE('',*,*,#929,.T.);
#1198=ORIENTED_EDGE('',*,*,#930,.F.);
#1199=ORIENTED_EDGE('',*,*,#929,.F.);
#1200=ORIENTED_EDGE('',*,*,#930,.T.);
#1201=ORIENTED_EDGE('',*,*,#931,.T.);
#1202=ORIENTED_EDGE('',*,*,#931,.F.);
#1203=ORIENTED_EDGE('',*,*,#932,.T.);
#1204=ORIENTED_EDGE('',*,*,#933,.F.);
#1205=ORIENTED_EDGE('',*,*,#932,.F.);
#1206=ORIENTED_EDGE('',*,*,#933,.T.);
#1207=ORIENTED_EDGE('',*,*,#934,.T.);
#1208=ORIENTED_EDGE('',*,*,#934,.F.);
#1209=ORIENTED_EDGE('',*,*,#935,.T.);
#1210=ORIENTED_EDGE('',*,*,#936,.F.);
#1211=ORIENTED_EDGE('',*,*,#935,.F.);
#1212=ORIENTED_EDGE('',*,*,#936,.T.);
#1213=ORIENTED_EDGE('',*,*,#937,.T.);
#1214=ORIENTED_EDGE('',*,*,#937,.F.);
#1215=ORIENTED_EDGE('',*,*,#938,.T.);
#1216=ORIENTED_EDGE('',*,*,#939,.F.);
#1217=ORIENTED_EDGE('',*,*,#938,.F.);
#1218=ORIENTED_EDGE('',*,*,#939,.T.);
#1219=ORIENTED_EDGE('',*,*,#940,.T.);
#1220=ORIENTED_EDGE('',*,*,#941,.F.);
#1221=ORIENTED_EDGE('',*,*,#942,.T.);
#1222=ORIENTED_EDGE('',*,*,#940,.F.);
#1223=ORIENTED_EDGE('',*,*,#942,.F.);
#1224=ORIENTED_EDGE('',*,*,#941,.T.);
#1225=ORIENTED_EDGE('',*,*,#943,.T.);
#1226=ORIENTED_EDGE('',*,*,#944,.F.);
#1227=ORIENTED_EDGE('',*,*,#945,.T.);
#1228=ORIENTED_EDGE('',*,*,#943,.F.);
#1229=ORIENTED_EDGE('',*,*,#945,.F.);
#1230=ORIENTED_EDGE('',*,*,#944,.T.);
#1231=ORIENTED_EDGE('',*,*,#946,.T.);
#1232=ORIENTED_EDGE('',*,*,#947,.F.);
#1233=ORIENTED_EDGE('',*,*,#948,.T.);
#1234=ORIENTED_EDGE('',*,*,#946,.F.);
#1235=ORIENTED_EDGE('',*,*,#948,.F.);
#1236=ORIENTED_EDGE('',*,*,#947,.T.);
#1237=ORIENTED_EDGE('',*,*,#949,.T.);
#1238=ORIENTED_EDGE('',*,*,#950,.T.);
#1239=ORIENTED_EDGE('',*,*,#951,.F.);
#1240=ORIENTED_EDGE('',*,*,#950,.F.);
#1241=ORIENTED_EDGE('',*,*,#951,.T.);
#1242=ORIENTED_EDGE('',*,*,#949,.F.);
#1243=ORIENTED_EDGE('',*,*,#952,.T.);
#1244=ORIENTED_EDGE('',*,*,#953,.F.);
#1245=ORIENTED_EDGE('',*,*,#954,.T.);
#1246=ORIENTED_EDGE('',*,*,#952,.F.);
#1247=ORIENTED_EDGE('',*,*,#954,.F.);
#1248=ORIENTED_EDGE('',*,*,#953,.T.);
#1249=ORIENTED_EDGE('',*,*,#955,.T.);
#1250=ORIENTED_EDGE('',*,*,#956,.T.);
#1251=ORIENTED_EDGE('',*,*,#957,.F.);
#1252=ORIENTED_EDGE('',*,*,#956,.F.);
#1253=ORIENTED_EDGE('',*,*,#957,.T.);
#1254=ORIENTED_EDGE('',*,*,#955,.F.);
#1255=ORIENTED_EDGE('',*,*,#958,.T.);
#1256=ORIENTED_EDGE('',*,*,#959,.T.);
#1257=ORIENTED_EDGE('',*,*,#960,.F.);
#1258=ORIENTED_EDGE('',*,*,#959,.F.);
#1259=ORIENTED_EDGE('',*,*,#960,.T.);
#1260=ORIENTED_EDGE('',*,*,#958,.F.);
#1261=ORIENTED_EDGE('',*,*,#961,.T.);
#1262=ORIENTED_EDGE('',*,*,#962,.F.);
#1263=ORIENTED_EDGE('',*,*,#963,.T.);
#1264=ORIENTED_EDGE('',*,*,#961,.F.);
#1265=ORIENTED_EDGE('',*,*,#963,.F.);
#1266=ORIENTED_EDGE('',*,*,#962,.T.);
#1267=ORIENTED_EDGE('',*,*,#964,.T.);
#1268=ORIENTED_EDGE('',*,*,#965,.F.);
#1269=ORIENTED_EDGE('',*,*,#966,.T.);
#1270=ORIENTED_EDGE('',*,*,#964,.F.);
#1271=ORIENTED_EDGE('',*,*,#966,.F.);
#1272=ORIENTED_EDGE('',*,*,#965,.T.);
#1273=ORIENTED_EDGE('',*,*,#967,.T.);
#1274=ORIENTED_EDGE('',*,*,#968,.F.);
#1275=ORIENTED_EDGE('',*,*,#969,.T.);
#1276=ORIENTED_EDGE('',*,*,#967,.F.);
#1277=ORIENTED_EDGE('',*,*,#969,.F.);
#1278=ORIENTED_EDGE('',*,*,#968,.T.);
#1279=ORIENTED_EDGE('',*,*,#970,.T.);
#1280=ORIENTED_EDGE('',*,*,#970,.F.);
#1281=ORIENTED_EDGE('',*,*,#971,.T.);
#1282=ORIENTED_EDGE('',*,*,#972,.F.);
#1283=ORIENTED_EDGE('',*,*,#971,.F.);
#1284=ORIENTED_EDGE('',*,*,#972,.T.);
#1285=ORIENTED_EDGE('',*,*,#973,.T.);
#1286=ORIENTED_EDGE('',*,*,#973,.F.);
#1287=ORIENTED_EDGE('',*,*,#974,.T.);
#1288=ORIENTED_EDGE('',*,*,#975,.F.);
#1289=ORIENTED_EDGE('',*,*,#974,.F.);
#1290=ORIENTED_EDGE('',*,*,#975,.T.);
#1291=ORIENTED_EDGE('',*,*,#976,.T.);
#1292=ORIENTED_EDGE('',*,*,#976,.F.);
#1293=ORIENTED_EDGE('',*,*,#977,.T.);
#1294=ORIENTED_EDGE('',*,*,#978,.F.);
#1295=ORIENTED_EDGE('',*,*,#977,.F.);
#1296=ORIENTED_EDGE('',*,*,#978,.T.);
#1297=ORIENTED_EDGE('',*,*,#979,.F.);
#1298=ORIENTED_EDGE('',*,*,#980,.T.);
#1299=ORIENTED_EDGE('',*,*,#979,.T.);
#1300=ORIENTED_EDGE('',*,*,#981,.T.);
#1301=ORIENTED_EDGE('',*,*,#980,.F.);
#1302=ORIENTED_EDGE('',*,*,#981,.F.);
#1303=ORIENTED_EDGE('',*,*,#982,.F.);
#1304=ORIENTED_EDGE('',*,*,#983,.T.);
#1305=ORIENTED_EDGE('',*,*,#982,.T.);
#1306=ORIENTED_EDGE('',*,*,#984,.T.);
#1307=ORIENTED_EDGE('',*,*,#983,.F.);
#1308=ORIENTED_EDGE('',*,*,#984,.F.);
#1309=ORIENTED_EDGE('',*,*,#985,.F.);
#1310=ORIENTED_EDGE('',*,*,#986,.T.);
#1311=ORIENTED_EDGE('',*,*,#985,.T.);
#1312=ORIENTED_EDGE('',*,*,#987,.T.);
#1313=ORIENTED_EDGE('',*,*,#986,.F.);
#1314=ORIENTED_EDGE('',*,*,#987,.F.);
#1315=ORIENTED_EDGE('',*,*,#988,.F.);
#1316=ORIENTED_EDGE('',*,*,#989,.T.);
#1317=ORIENTED_EDGE('',*,*,#988,.T.);
#1318=ORIENTED_EDGE('',*,*,#990,.T.);
#1319=ORIENTED_EDGE('',*,*,#989,.F.);
#1320=ORIENTED_EDGE('',*,*,#990,.F.);
#1321=ORIENTED_EDGE('',*,*,#991,.T.);
#1322=ORIENTED_EDGE('',*,*,#992,.T.);
#1323=ORIENTED_EDGE('',*,*,#993,.F.);
#1324=ORIENTED_EDGE('',*,*,#992,.F.);
#1325=ORIENTED_EDGE('',*,*,#993,.T.);
#1326=ORIENTED_EDGE('',*,*,#991,.F.);
#1327=ORIENTED_EDGE('',*,*,#994,.T.);
#1328=ORIENTED_EDGE('',*,*,#995,.T.);
#1329=ORIENTED_EDGE('',*,*,#996,.F.);
#1330=ORIENTED_EDGE('',*,*,#995,.F.);
#1331=ORIENTED_EDGE('',*,*,#996,.T.);
#1332=ORIENTED_EDGE('',*,*,#994,.F.);
#1333=ORIENTED_EDGE('',*,*,#997,.F.);
#1334=ORIENTED_EDGE('',*,*,#998,.T.);
#1335=ORIENTED_EDGE('',*,*,#999,.T.);
#1336=ORIENTED_EDGE('',*,*,#998,.F.);
#1337=ORIENTED_EDGE('',*,*,#1000,.F.);
#1338=ORIENTED_EDGE('',*,*,#1001,.T.);
#1339=ORIENTED_EDGE('',*,*,#1002,.T.);
#1340=ORIENTED_EDGE('',*,*,#1001,.F.);
#1341=ORIENTED_EDGE('',*,*,#1003,.F.);
#1342=ORIENTED_EDGE('',*,*,#1004,.T.);
#1343=ORIENTED_EDGE('',*,*,#1005,.T.);
#1344=ORIENTED_EDGE('',*,*,#1004,.F.);
#1345=ORIENTED_EDGE('',*,*,#1006,.F.);
#1346=ORIENTED_EDGE('',*,*,#1007,.T.);
#1347=ORIENTED_EDGE('',*,*,#1008,.T.);
#1348=ORIENTED_EDGE('',*,*,#1007,.F.);
#1349=ORIENTED_EDGE('',*,*,#1009,.F.);
#1350=ORIENTED_EDGE('',*,*,#1010,.T.);
#1351=ORIENTED_EDGE('',*,*,#1011,.F.);
#1352=ORIENTED_EDGE('',*,*,#1012,.F.);
#1353=ORIENTED_EDGE('',*,*,#1013,.F.);
#1354=ORIENTED_EDGE('',*,*,#1012,.T.);
#1355=ORIENTED_EDGE('',*,*,#1014,.F.);
#1356=ORIENTED_EDGE('',*,*,#1015,.F.);
#1357=ORIENTED_EDGE('',*,*,#1016,.T.);
#1358=ORIENTED_EDGE('',*,*,#1015,.T.);
#1359=ORIENTED_EDGE('',*,*,#1017,.F.);
#1360=ORIENTED_EDGE('',*,*,#1018,.F.);
#1361=ORIENTED_EDGE('',*,*,#1019,.F.);
#1362=ORIENTED_EDGE('',*,*,#1018,.T.);
#1363=ORIENTED_EDGE('',*,*,#1020,.F.);
#1364=ORIENTED_EDGE('',*,*,#1010,.F.);
#1365=ORIENTED_EDGE('',*,*,#1020,.T.);
#1366=ORIENTED_EDGE('',*,*,#1017,.T.);
#1367=ORIENTED_EDGE('',*,*,#1014,.T.);
#1368=ORIENTED_EDGE('',*,*,#1011,.T.);
#1369=ORIENTED_EDGE('',*,*,#1006,.T.);
#1370=ORIENTED_EDGE('',*,*,#1003,.T.);
#1371=ORIENTED_EDGE('',*,*,#1000,.T.);
#1372=ORIENTED_EDGE('',*,*,#997,.T.);
#1373=ORIENTED_EDGE('',*,*,#1019,.T.);
#1374=ORIENTED_EDGE('',*,*,#1009,.T.);
#1375=ORIENTED_EDGE('',*,*,#1013,.T.);
#1376=ORIENTED_EDGE('',*,*,#1016,.F.);
#1377=ORIENTED_EDGE('',*,*,#1008,.F.);
#1378=ORIENTED_EDGE('',*,*,#1005,.F.);
#1379=ORIENTED_EDGE('',*,*,#1002,.F.);
#1380=ORIENTED_EDGE('',*,*,#999,.F.);
#1381=ORIENTED_EDGE('',*,*,#1021,.T.);
#1382=ORIENTED_EDGE('',*,*,#1022,.F.);
#1383=ORIENTED_EDGE('',*,*,#1023,.T.);
#1384=ORIENTED_EDGE('',*,*,#1021,.F.);
#1385=ORIENTED_EDGE('',*,*,#1023,.F.);
#1386=ORIENTED_EDGE('',*,*,#1022,.T.);
#1387=ORIENTED_EDGE('',*,*,#1024,.T.);
#1388=ORIENTED_EDGE('',*,*,#1025,.F.);
#1389=ORIENTED_EDGE('',*,*,#1026,.T.);
#1390=ORIENTED_EDGE('',*,*,#1024,.F.);
#1391=ORIENTED_EDGE('',*,*,#1026,.F.);
#1392=ORIENTED_EDGE('',*,*,#1025,.T.);
#1393=ORIENTED_EDGE('',*,*,#1027,.T.);
#1394=ORIENTED_EDGE('',*,*,#1028,.F.);
#1395=ORIENTED_EDGE('',*,*,#1029,.T.);
#1396=ORIENTED_EDGE('',*,*,#1027,.F.);
#1397=ORIENTED_EDGE('',*,*,#1029,.F.);
#1398=ORIENTED_EDGE('',*,*,#1028,.T.);
#1399=ORIENTED_EDGE('',*,*,#1030,.T.);
#1400=ORIENTED_EDGE('',*,*,#1031,.F.);
#1401=ORIENTED_EDGE('',*,*,#1032,.T.);
#1402=ORIENTED_EDGE('',*,*,#1030,.F.);
#1403=ORIENTED_EDGE('',*,*,#1032,.F.);
#1404=ORIENTED_EDGE('',*,*,#1031,.T.);
#1405=PLANE('',#1687);
#1406=PLANE('',#1692);
#1407=PLANE('',#1697);
#1408=PLANE('',#1698);
#1409=PLANE('',#1699);
#1410=PLANE('',#1700);
#1411=PLANE('',#1705);
#1412=PLANE('',#1707);
#1413=PLANE('',#1710);
#1414=PLANE('',#1711);
#1415=PLANE('',#1712);
#1416=PLANE('',#1713);
#1417=PLANE('',#1714);
#1418=PLANE('',#1715);
#1419=PLANE('',#1716);
#1420=PLANE('',#1717);
#1421=PLANE('',#1718);
#1422=PLANE('',#1719);
#1423=PLANE('',#1720);
#1424=PLANE('',#1721);
#1425=PLANE('',#1722);
#1426=PLANE('',#1723);
#1427=PLANE('',#1724);
#1428=PLANE('',#1725);
#1429=PLANE('',#1726);
#1430=PLANE('',#1727);
#1431=PLANE('',#1728);
#1432=PLANE('',#1729);
#1433=PLANE('',#1730);
#1434=PLANE('',#1732);
#1435=PLANE('',#1735);
#1436=PLANE('',#1737);
#1437=PLANE('',#1740);
#1438=PLANE('',#1742);
#1439=PLANE('',#1748);
#1440=PLANE('',#1749);
#1441=PLANE('',#1750);
#1442=PLANE('',#1754);
#1443=PLANE('',#1755);
#1444=PLANE('',#1759);
#1445=PLANE('',#1760);
#1446=PLANE('',#1764);
#1447=PLANE('',#1765);
#1448=PLANE('',#1769);
#1449=PLANE('',#1770);
#1450=PLANE('',#1774);
#1451=PLANE('',#1775);
#1452=PLANE('',#1779);
#1453=PLANE('',#1780);
#1454=PLANE('',#1784);
#1455=PLANE('',#1788);
#1456=PLANE('',#1789);
#1457=PLANE('',#1790);
#1458=PLANE('',#1794);
#1459=PLANE('',#1798);
#1460=PLANE('',#1799);
#1461=PLANE('',#1803);
#1462=PLANE('',#1804);
#1463=PLANE('',#1805);
#1464=PLANE('',#1809);
#1465=PLANE('',#1810);
#1466=PLANE('',#1814);
#1467=PLANE('',#1815);
#1468=PLANE('',#1819);
#1469=PLANE('',#1820);
#1470=PLANE('',#1824);
#1471=PLANE('',#1825);
#1472=PLANE('',#1829);
#1473=PLANE('',#1830);
#1474=PLANE('',#1834);
#1475=PLANE('',#1835);
#1476=PLANE('',#1837);
#1477=PLANE('',#1840);
#1478=PLANE('',#1842);
#1479=PLANE('',#1845);
#1480=PLANE('',#1847);
#1481=PLANE('',#1850);
#1482=PLANE('',#1852);
#1483=PLANE('',#1858);
#1484=PLANE('',#1859);
#1485=PLANE('',#1863);
#1486=PLANE('',#1864);
#1487=PLANE('',#1877);
#1488=PLANE('',#1878);
#1489=PLANE('',#1879);
#1490=PLANE('',#1880);
#1491=PLANE('',#1881);
#1492=PLANE('',#1882);
#1493=PLANE('',#1883);
#1494=PLANE('',#1887);
#1495=PLANE('',#1888);
#1496=PLANE('',#1892);
#1497=PLANE('',#1893);
#1498=PLANE('',#1897);
#1499=PLANE('',#1898);
#1500=PLANE('',#1902);
#1501=ADVANCED_FACE('',(#223,#127,#128,#129,#130),#1405,.F.);
#1502=ADVANCED_FACE('',(#224,#131,#132,#133,#134),#1406,.T.);
#1503=ADVANCED_FACE('',(#225),#1407,.T.);
#1504=ADVANCED_FACE('',(#226),#1408,.T.);
#1505=ADVANCED_FACE('',(#227),#1409,.T.);
#1506=ADVANCED_FACE('',(#228),#1410,.T.);
#1507=ADVANCED_FACE('',(#229),#87,.F.);
#1508=ADVANCED_FACE('',(#230),#88,.F.);
#1509=ADVANCED_FACE('',(#231),#89,.F.);
#1510=ADVANCED_FACE('',(#232),#90,.F.);
#1511=ADVANCED_FACE('',(#233),#1411,.F.);
#1512=ADVANCED_FACE('',(#234),#1412,.F.);
#1513=ADVANCED_FACE('',(#235),#91,.T.);
#1514=ADVANCED_FACE('',(#236),#1413,.F.);
#1515=ADVANCED_FACE('',(#237),#1414,.T.);
#1516=ADVANCED_FACE('',(#238),#1415,.T.);
#1517=ADVANCED_FACE('',(#239),#1416,.T.);
#1518=ADVANCED_FACE('',(#240),#1417,.T.);
#1519=ADVANCED_FACE('',(#241),#1418,.T.);
#1520=ADVANCED_FACE('',(#242),#1419,.T.);
#1521=ADVANCED_FACE('',(#243),#1420,.T.);
#1522=ADVANCED_FACE('',(#244),#1421,.T.);
#1523=ADVANCED_FACE('',(#245),#1422,.T.);
#1524=ADVANCED_FACE('',(#246),#1423,.T.);
#1525=ADVANCED_FACE('',(#247),#1424,.T.);
#1526=ADVANCED_FACE('',(#248),#1425,.T.);
#1527=ADVANCED_FACE('',(#249),#1426,.F.);
#1528=ADVANCED_FACE('',(#250),#1427,.F.);
#1529=ADVANCED_FACE('',(#251),#1428,.T.);
#1530=ADVANCED_FACE('',(#252),#1429,.T.);
#1531=ADVANCED_FACE('',(#253),#1430,.T.);
#1532=ADVANCED_FACE('',(#254),#1431,.T.);
#1533=ADVANCED_FACE('',(#255),#1432,.F.);
#1534=ADVANCED_FACE('',(#256),#1433,.F.);
#1535=ADVANCED_FACE('',(#257),#1434,.F.);
#1536=ADVANCED_FACE('',(#258),#92,.T.);
#1537=ADVANCED_FACE('',(#259),#1435,.F.);
#1538=ADVANCED_FACE('',(#260),#1436,.F.);
#1539=ADVANCED_FACE('',(#261),#93,.T.);
#1540=ADVANCED_FACE('',(#262),#1437,.F.);
#1541=ADVANCED_FACE('',(#263),#1438,.F.);
#1542=ADVANCED_FACE('',(#264),#94,.T.);
#1543=ADVANCED_FACE('',(#265),#95,.T.);
#1544=ADVANCED_FACE('',(#266),#1439,.F.);
#1545=ADVANCED_FACE('',(#267),#1440,.F.);
#1546=ADVANCED_FACE('',(#268),#1441,.T.);
#1547=ADVANCED_FACE('',(#269),#96,.T.);
#1548=ADVANCED_FACE('',(#270),#1442,.F.);
#1549=ADVANCED_FACE('',(#271),#1443,.T.);
#1550=ADVANCED_FACE('',(#272),#97,.T.);
#1551=ADVANCED_FACE('',(#273),#1444,.F.);
#1552=ADVANCED_FACE('',(#274),#1445,.T.);
#1553=ADVANCED_FACE('',(#275),#98,.T.);
#1554=ADVANCED_FACE('',(#276),#1446,.F.);
#1555=ADVANCED_FACE('',(#277),#1447,.T.);
#1556=ADVANCED_FACE('',(#278),#99,.T.);
#1557=ADVANCED_FACE('',(#279),#1448,.F.);
#1558=ADVANCED_FACE('',(#280),#1449,.F.);
#1559=ADVANCED_FACE('',(#281),#100,.T.);
#1560=ADVANCED_FACE('',(#282),#1450,.T.);
#1561=ADVANCED_FACE('',(#283),#1451,.F.);
#1562=ADVANCED_FACE('',(#284),#101,.T.);
#1563=ADVANCED_FACE('',(#285),#1452,.T.);
#1564=ADVANCED_FACE('',(#286),#1453,.F.);
#1565=ADVANCED_FACE('',(#287),#102,.T.);
#1566=ADVANCED_FACE('',(#288),#1454,.T.);
#1567=ADVANCED_FACE('',(#289),#103,.T.);
#1568=ADVANCED_FACE('',(#290),#1455,.F.);
#1569=ADVANCED_FACE('',(#291),#1456,.F.);
#1570=ADVANCED_FACE('',(#292),#1457,.F.);
#1571=ADVANCED_FACE('',(#293),#104,.T.);
#1572=ADVANCED_FACE('',(#294),#1458,.T.);
#1573=ADVANCED_FACE('',(#295),#105,.T.);
#1574=ADVANCED_FACE('',(#296),#1459,.F.);
#1575=ADVANCED_FACE('',(#297),#1460,.F.);
#1576=ADVANCED_FACE('',(#298),#106,.T.);
#1577=ADVANCED_FACE('',(#299),#1461,.F.);
#1578=ADVANCED_FACE('',(#300),#1462,.F.);
#1579=ADVANCED_FACE('',(#301),#1463,.F.);
#1580=ADVANCED_FACE('',(#302),#107,.T.);
#1581=ADVANCED_FACE('',(#303),#1464,.T.);
#1582=ADVANCED_FACE('',(#304),#1465,.F.);
#1583=ADVANCED_FACE('',(#305),#108,.T.);
#1584=ADVANCED_FACE('',(#306),#1466,.T.);
#1585=ADVANCED_FACE('',(#307),#1467,.F.);
#1586=ADVANCED_FACE('',(#308),#109,.T.);
#1587=ADVANCED_FACE('',(#309),#1468,.T.);
#1588=ADVANCED_FACE('',(#310),#1469,.T.);
#1589=ADVANCED_FACE('',(#311),#110,.T.);
#1590=ADVANCED_FACE('',(#312),#1470,.F.);
#1591=ADVANCED_FACE('',(#313),#1471,.T.);
#1592=ADVANCED_FACE('',(#314),#111,.T.);
#1593=ADVANCED_FACE('',(#315),#1472,.F.);
#1594=ADVANCED_FACE('',(#316),#1473,.T.);
#1595=ADVANCED_FACE('',(#317),#112,.T.);
#1596=ADVANCED_FACE('',(#318),#1474,.F.);
#1597=ADVANCED_FACE('',(#319),#1475,.F.);
#1598=ADVANCED_FACE('',(#320),#1476,.F.);
#1599=ADVANCED_FACE('',(#321),#113,.T.);
#1600=ADVANCED_FACE('',(#322),#1477,.F.);
#1601=ADVANCED_FACE('',(#323),#1478,.F.);
#1602=ADVANCED_FACE('',(#324),#114,.T.);
#1603=ADVANCED_FACE('',(#325),#1479,.F.);
#1604=ADVANCED_FACE('',(#326),#1480,.F.);
#1605=ADVANCED_FACE('',(#327),#115,.T.);
#1606=ADVANCED_FACE('',(#328),#1481,.F.);
#1607=ADVANCED_FACE('',(#329),#1482,.F.);
#1608=ADVANCED_FACE('',(#330),#116,.T.);
#1609=ADVANCED_FACE('',(#331),#117,.T.);
#1610=ADVANCED_FACE('',(#332),#1483,.F.);
#1611=ADVANCED_FACE('',(#333),#1484,.F.);
#1612=ADVANCED_FACE('',(#334),#118,.T.);
#1613=ADVANCED_FACE('',(#335),#1485,.F.);
#1614=ADVANCED_FACE('',(#336),#1486,.F.);
#1615=ADVANCED_FACE('',(#337),#119,.F.);
#1616=ADVANCED_FACE('',(#338),#120,.F.);
#1617=ADVANCED_FACE('',(#339),#121,.F.);
#1618=ADVANCED_FACE('',(#340),#122,.F.);
#1619=ADVANCED_FACE('',(#341),#1487,.T.);
#1620=ADVANCED_FACE('',(#342),#1488,.T.);
#1621=ADVANCED_FACE('',(#343),#1489,.T.);
#1622=ADVANCED_FACE('',(#344),#1490,.T.);
#1623=ADVANCED_FACE('',(#345,#135,#136,#137,#138),#1491,.T.);
#1624=ADVANCED_FACE('',(#346,#139,#140,#141,#142),#1492,.F.);
#1625=ADVANCED_FACE('',(#347),#1493,.F.);
#1626=ADVANCED_FACE('',(#348),#123,.T.);
#1627=ADVANCED_FACE('',(#349),#1494,.T.);
#1628=ADVANCED_FACE('',(#350),#1495,.F.);
#1629=ADVANCED_FACE('',(#351),#124,.T.);
#1630=ADVANCED_FACE('',(#352),#1496,.T.);
#1631=ADVANCED_FACE('',(#353),#1497,.F.);
#1632=ADVANCED_FACE('',(#354),#125,.T.);
#1633=ADVANCED_FACE('',(#355),#1498,.T.);
#1634=ADVANCED_FACE('',(#356),#1499,.F.);
#1635=ADVANCED_FACE('',(#357),#126,.T.);
#1636=ADVANCED_FACE('',(#358),#1500,.T.);
#1637=CLOSED_SHELL('',(#1501,#1502,#1503,#1504,#1505,#1506,#1507,#1508,
#1509,#1510));
#1638=CLOSED_SHELL('',(#1511,#1512,#1513));
#1639=CLOSED_SHELL('',(#1514,#1515,#1516,#1517,#1518,#1519));
#1640=CLOSED_SHELL('',(#1520,#1521,#1522,#1523,#1524,#1525,#1526,#1527));
#1641=CLOSED_SHELL('',(#1528,#1529,#1530,#1531,#1532,#1533));
#1642=CLOSED_SHELL('',(#1534,#1535,#1536));
#1643=CLOSED_SHELL('',(#1537,#1538,#1539));
#1644=CLOSED_SHELL('',(#1540,#1541,#1542));
#1645=CLOSED_SHELL('',(#1543,#1544,#1545));
#1646=CLOSED_SHELL('',(#1546,#1547,#1548));
#1647=CLOSED_SHELL('',(#1549,#1550,#1551));
#1648=CLOSED_SHELL('',(#1552,#1553,#1554));
#1649=CLOSED_SHELL('',(#1555,#1556,#1557));
#1650=CLOSED_SHELL('',(#1558,#1559,#1560));
#1651=CLOSED_SHELL('',(#1561,#1562,#1563));
#1652=CLOSED_SHELL('',(#1564,#1565,#1566));
#1653=CLOSED_SHELL('',(#1567,#1568,#1569));
#1654=CLOSED_SHELL('',(#1570,#1571,#1572));
#1655=CLOSED_SHELL('',(#1573,#1574,#1575));
#1656=CLOSED_SHELL('',(#1576,#1577,#1578));
#1657=CLOSED_SHELL('',(#1579,#1580,#1581));
#1658=CLOSED_SHELL('',(#1582,#1583,#1584));
#1659=CLOSED_SHELL('',(#1585,#1586,#1587));
#1660=CLOSED_SHELL('',(#1588,#1589,#1590));
#1661=CLOSED_SHELL('',(#1591,#1592,#1593));
#1662=CLOSED_SHELL('',(#1594,#1595,#1596));
#1663=CLOSED_SHELL('',(#1597,#1598,#1599));
#1664=CLOSED_SHELL('',(#1600,#1601,#1602));
#1665=CLOSED_SHELL('',(#1603,#1604,#1605));
#1666=CLOSED_SHELL('',(#1606,#1607,#1608));
#1667=CLOSED_SHELL('',(#1609,#1610,#1611));
#1668=CLOSED_SHELL('',(#1612,#1613,#1614));
#1669=CLOSED_SHELL('',(#1615,#1616,#1617,#1618,#1619,#1620,#1621,#1622,
#1623,#1624));
#1670=CLOSED_SHELL('',(#1625,#1626,#1627));
#1671=CLOSED_SHELL('',(#1628,#1629,#1630));
#1672=CLOSED_SHELL('',(#1631,#1632,#1633));
#1673=CLOSED_SHELL('',(#1634,#1635,#1636));
#1674=DERIVED_UNIT_ELEMENT(#1676,1.);
#1675=DERIVED_UNIT_ELEMENT(#2895,-3.);
#1676=(
MASS_UNIT()
NAMED_UNIT(*)
SI_UNIT(.KILO.,.GRAM.)
);
#1677=DERIVED_UNIT((#1674,#1675));
#1678=MEASURE_REPRESENTATION_ITEM('density measure',
POSITIVE_RATIO_MEASURE(7850.),#1677);
#1679=PROPERTY_DEFINITION_REPRESENTATION(#1684,#1681);
#1680=PROPERTY_DEFINITION_REPRESENTATION(#1685,#1682);
#1681=REPRESENTATION('material name',(#1683),#2892);
#1682=REPRESENTATION('density',(#1678),#2892);
#1683=DESCRIPTIVE_REPRESENTATION_ITEM('Steel','Steel');
#1684=PROPERTY_DEFINITION('material property','material name',#2902);
#1685=PROPERTY_DEFINITION('material property','density of part',#2902);
#1686=AXIS2_PLACEMENT_3D('',#2443,#1903,#1904);
#1687=AXIS2_PLACEMENT_3D('',#2444,#1905,#1906);
#1688=AXIS2_PLACEMENT_3D('',#2454,#1911,#1912);
#1689=AXIS2_PLACEMENT_3D('',#2456,#1913,#1914);
#1690=AXIS2_PLACEMENT_3D('',#2458,#1915,#1916);
#1691=AXIS2_PLACEMENT_3D('',#2460,#1917,#1918);
#1692=AXIS2_PLACEMENT_3D('',#2461,#1919,#1920);
#1693=AXIS2_PLACEMENT_3D('',#2471,#1925,#1926);
#1694=AXIS2_PLACEMENT_3D('',#2473,#1927,#1928);
#1695=AXIS2_PLACEMENT_3D('',#2475,#1929,#1930);
#1696=AXIS2_PLACEMENT_3D('',#2477,#1931,#1932);
#1697=AXIS2_PLACEMENT_3D('',#2478,#1933,#1934);
#1698=AXIS2_PLACEMENT_3D('',#2481,#1937,#1938);
#1699=AXIS2_PLACEMENT_3D('',#2483,#1940,#1941);
#1700=AXIS2_PLACEMENT_3D('',#2485,#1943,#1944);
#1701=AXIS2_PLACEMENT_3D('',#2486,#1945,#1946);
#1702=AXIS2_PLACEMENT_3D('',#2488,#1948,#1949);
#1703=AXIS2_PLACEMENT_3D('',#2490,#1951,#1952);
#1704=AXIS2_PLACEMENT_3D('',#2492,#1954,#1955);
#1705=AXIS2_PLACEMENT_3D('',#2494,#1957,#1958);
#1706=AXIS2_PLACEMENT_3D('',#2496,#1959,#1960);
#1707=AXIS2_PLACEMENT_3D('',#2497,#1961,#1962);
#1708=AXIS2_PLACEMENT_3D('',#2499,#1963,#1964);
#1709=AXIS2_PLACEMENT_3D('',#2500,#1965,#1966);
#1710=AXIS2_PLACEMENT_3D('',#2502,#1968,#1969);
#1711=AXIS2_PLACEMENT_3D('',#2511,#1974,#1975);
#1712=AXIS2_PLACEMENT_3D('',#2517,#1979,#1980);
#1713=AXIS2_PLACEMENT_3D('',#2521,#1983,#1984);
#1714=AXIS2_PLACEMENT_3D('',#2525,#1987,#1988);
#1715=AXIS2_PLACEMENT_3D('',#2527,#1990,#1991);
#1716=AXIS2_PLACEMENT_3D('',#2528,#1992,#1993);
#1717=AXIS2_PLACEMENT_3D('',#2537,#1998,#1999);
#1718=AXIS2_PLACEMENT_3D('',#2543,#2003,#2004);
#1719=AXIS2_PLACEMENT_3D('',#2549,#2008,#2009);
#1720=AXIS2_PLACEMENT_3D('',#2555,#2013,#2014);
#1721=AXIS2_PLACEMENT_3D('',#2561,#2018,#2019);
#1722=AXIS2_PLACEMENT_3D('',#2564,#2022,#2023);
#1723=AXIS2_PLACEMENT_3D('',#2565,#2024,#2025);
#1724=AXIS2_PLACEMENT_3D('',#2566,#2026,#2027);
#1725=AXIS2_PLACEMENT_3D('',#2575,#2032,#2033);
#1726=AXIS2_PLACEMENT_3D('',#2581,#2037,#2038);
#1727=AXIS2_PLACEMENT_3D('',#2585,#2041,#2042);
#1728=AXIS2_PLACEMENT_3D('',#2589,#2045,#2046);
#1729=AXIS2_PLACEMENT_3D('',#2591,#2048,#2049);
#1730=AXIS2_PLACEMENT_3D('',#2592,#2050,#2051);
#1731=AXIS2_PLACEMENT_3D('',#2594,#2052,#2053);
#1732=AXIS2_PLACEMENT_3D('',#2595,#2054,#2055);
#1733=AXIS2_PLACEMENT_3D('',#2597,#2056,#2057);
#1734=AXIS2_PLACEMENT_3D('',#2598,#2058,#2059);
#1735=AXIS2_PLACEMENT_3D('',#2600,#2061,#2062);
#1736=AXIS2_PLACEMENT_3D('',#2602,#2063,#2064);
#1737=AXIS2_PLACEMENT_3D('',#2603,#2065,#2066);
#1738=AXIS2_PLACEMENT_3D('',#2605,#2067,#2068);
#1739=AXIS2_PLACEMENT_3D('',#2606,#2069,#2070);
#1740=AXIS2_PLACEMENT_3D('',#2608,#2072,#2073);
#1741=AXIS2_PLACEMENT_3D('',#2610,#2074,#2075);
#1742=AXIS2_PLACEMENT_3D('',#2611,#2076,#2077);
#1743=AXIS2_PLACEMENT_3D('',#2613,#2078,#2079);
#1744=AXIS2_PLACEMENT_3D('',#2614,#2080,#2081);
#1745=AXIS2_PLACEMENT_3D('',#2616,#2083,#2084);
#1746=AXIS2_PLACEMENT_3D('',#2618,#2085,#2086);
#1747=AXIS2_PLACEMENT_3D('',#2621,#2088,#2089);
#1748=AXIS2_PLACEMENT_3D('',#2622,#2090,#2091);
#1749=AXIS2_PLACEMENT_3D('',#2623,#2092,#2093);
#1750=AXIS2_PLACEMENT_3D('',#2624,#2094,#2095);
#1751=AXIS2_PLACEMENT_3D('',#2626,#2096,#2097);
#1752=AXIS2_PLACEMENT_3D('',#2627,#2098,#2099);
#1753=AXIS2_PLACEMENT_3D('',#2630,#2101,#2102);
#1754=AXIS2_PLACEMENT_3D('',#2631,#2103,#2104);
#1755=AXIS2_PLACEMENT_3D('',#2632,#2105,#2106);
#1756=AXIS2_PLACEMENT_3D('',#2634,#2107,#2108);
#1757=AXIS2_PLACEMENT_3D('',#2635,#2109,#2110);
#1758=AXIS2_PLACEMENT_3D('',#2638,#2112,#2113);
#1759=AXIS2_PLACEMENT_3D('',#2639,#2114,#2115);
#1760=AXIS2_PLACEMENT_3D('',#2640,#2116,#2117);
#1761=AXIS2_PLACEMENT_3D('',#2642,#2118,#2119);
#1762=AXIS2_PLACEMENT_3D('',#2643,#2120,#2121);
#1763=AXIS2_PLACEMENT_3D('',#2646,#2123,#2124);
#1764=AXIS2_PLACEMENT_3D('',#2647,#2125,#2126);
#1765=AXIS2_PLACEMENT_3D('',#2648,#2127,#2128);
#1766=AXIS2_PLACEMENT_3D('',#2650,#2129,#2130);
#1767=AXIS2_PLACEMENT_3D('',#2651,#2131,#2132);
#1768=AXIS2_PLACEMENT_3D('',#2654,#2134,#2135);
#1769=AXIS2_PLACEMENT_3D('',#2655,#2136,#2137);
#1770=AXIS2_PLACEMENT_3D('',#2656,#2138,#2139);
#1771=AXIS2_PLACEMENT_3D('',#2658,#2140,#2141);
#1772=AXIS2_PLACEMENT_3D('',#2659,#2142,#2143);
#1773=AXIS2_PLACEMENT_3D('',#2661,#2144,#2145);
#1774=AXIS2_PLACEMENT_3D('',#2663,#2147,#2148);
#1775=AXIS2_PLACEMENT_3D('',#2664,#2149,#2150);
#1776=AXIS2_PLACEMENT_3D('',#2666,#2151,#2152);
#1777=AXIS2_PLACEMENT_3D('',#2667,#2153,#2154);
#1778=AXIS2_PLACEMENT_3D('',#2669,#2155,#2156);
#1779=AXIS2_PLACEMENT_3D('',#2671,#2158,#2159);
#1780=AXIS2_PLACEMENT_3D('',#2672,#2160,#2161);
#1781=AXIS2_PLACEMENT_3D('',#2674,#2162,#2163);
#1782=AXIS2_PLACEMENT_3D('',#2675,#2164,#2165);
#1783=AXIS2_PLACEMENT_3D('',#2677,#2166,#2167);
#1784=AXIS2_PLACEMENT_3D('',#2679,#2169,#2170);
#1785=AXIS2_PLACEMENT_3D('',#2680,#2171,#2172);
#1786=AXIS2_PLACEMENT_3D('',#2682,#2173,#2174);
#1787=AXIS2_PLACEMENT_3D('',#2685,#2176,#2177);
#1788=AXIS2_PLACEMENT_3D('',#2686,#2178,#2179);
#1789=AXIS2_PLACEMENT_3D('',#2687,#2180,#2181);
#1790=AXIS2_PLACEMENT_3D('',#2688,#2182,#2183);
#1791=AXIS2_PLACEMENT_3D('',#2690,#2184,#2185);
#1792=AXIS2_PLACEMENT_3D('',#2691,#2186,#2187);
#1793=AXIS2_PLACEMENT_3D('',#2693,#2188,#2189);
#1794=AXIS2_PLACEMENT_3D('',#2695,#2191,#2192);
#1795=AXIS2_PLACEMENT_3D('',#2696,#2193,#2194);
#1796=AXIS2_PLACEMENT_3D('',#2698,#2195,#2196);
#1797=AXIS2_PLACEMENT_3D('',#2701,#2198,#2199);
#1798=AXIS2_PLACEMENT_3D('',#2702,#2200,#2201);
#1799=AXIS2_PLACEMENT_3D('',#2703,#2202,#2203);
#1800=AXIS2_PLACEMENT_3D('',#2704,#2204,#2205);
#1801=AXIS2_PLACEMENT_3D('',#2706,#2206,#2207);
#1802=AXIS2_PLACEMENT_3D('',#2709,#2209,#2210);
#1803=AXIS2_PLACEMENT_3D('',#2710,#2211,#2212);
#1804=AXIS2_PLACEMENT_3D('',#2711,#2213,#2214);
#1805=AXIS2_PLACEMENT_3D('',#2712,#2215,#2216);
#1806=AXIS2_PLACEMENT_3D('',#2714,#2217,#2218);
#1807=AXIS2_PLACEMENT_3D('',#2715,#2219,#2220);
#1808=AXIS2_PLACEMENT_3D('',#2717,#2221,#2222);
#1809=AXIS2_PLACEMENT_3D('',#2719,#2224,#2225);
#1810=AXIS2_PLACEMENT_3D('',#2720,#2226,#2227);
#1811=AXIS2_PLACEMENT_3D('',#2722,#2228,#2229);
#1812=AXIS2_PLACEMENT_3D('',#2723,#2230,#2231);
#1813=AXIS2_PLACEMENT_3D('',#2725,#2232,#2233);
#1814=AXIS2_PLACEMENT_3D('',#2727,#2235,#2236);
#1815=AXIS2_PLACEMENT_3D('',#2728,#2237,#2238);
#1816=AXIS2_PLACEMENT_3D('',#2730,#2239,#2240);
#1817=AXIS2_PLACEMENT_3D('',#2731,#2241,#2242);
#1818=AXIS2_PLACEMENT_3D('',#2733,#2243,#2244);
#1819=AXIS2_PLACEMENT_3D('',#2735,#2246,#2247);
#1820=AXIS2_PLACEMENT_3D('',#2736,#2248,#2249);
#1821=AXIS2_PLACEMENT_3D('',#2738,#2250,#2251);
#1822=AXIS2_PLACEMENT_3D('',#2739,#2252,#2253);
#1823=AXIS2_PLACEMENT_3D('',#2742,#2255,#2256);
#1824=AXIS2_PLACEMENT_3D('',#2743,#2257,#2258);
#1825=AXIS2_PLACEMENT_3D('',#2744,#2259,#2260);
#1826=AXIS2_PLACEMENT_3D('',#2746,#2261,#2262);
#1827=AXIS2_PLACEMENT_3D('',#2747,#2263,#2264);
#1828=AXIS2_PLACEMENT_3D('',#2750,#2266,#2267);
#1829=AXIS2_PLACEMENT_3D('',#2751,#2268,#2269);
#1830=AXIS2_PLACEMENT_3D('',#2752,#2270,#2271);
#1831=AXIS2_PLACEMENT_3D('',#2754,#2272,#2273);
#1832=AXIS2_PLACEMENT_3D('',#2755,#2274,#2275);
#1833=AXIS2_PLACEMENT_3D('',#2758,#2277,#2278);
#1834=AXIS2_PLACEMENT_3D('',#2759,#2279,#2280);
#1835=AXIS2_PLACEMENT_3D('',#2760,#2281,#2282);
#1836=AXIS2_PLACEMENT_3D('',#2762,#2283,#2284);
#1837=AXIS2_PLACEMENT_3D('',#2763,#2285,#2286);
#1838=AXIS2_PLACEMENT_3D('',#2765,#2287,#2288);
#1839=AXIS2_PLACEMENT_3D('',#2766,#2289,#2290);
#1840=AXIS2_PLACEMENT_3D('',#2768,#2292,#2293);
#1841=AXIS2_PLACEMENT_3D('',#2770,#2294,#2295);
#1842=AXIS2_PLACEMENT_3D('',#2771,#2296,#2297);
#1843=AXIS2_PLACEMENT_3D('',#2773,#2298,#2299);
#1844=AXIS2_PLACEMENT_3D('',#2774,#2300,#2301);
#1845=AXIS2_PLACEMENT_3D('',#2776,#2303,#2304);
#1846=AXIS2_PLACEMENT_3D('',#2778,#2305,#2306);
#1847=AXIS2_PLACEMENT_3D('',#2779,#2307,#2308);
#1848=AXIS2_PLACEMENT_3D('',#2781,#2309,#2310);
#1849=AXIS2_PLACEMENT_3D('',#2782,#2311,#2312);
#1850=AXIS2_PLACEMENT_3D('',#2784,#2314,#2315);
#1851=AXIS2_PLACEMENT_3D('',#2786,#2316,#2317);
#1852=AXIS2_PLACEMENT_3D('',#2787,#2318,#2319);
#1853=AXIS2_PLACEMENT_3D('',#2789,#2320,#2321);
#1854=AXIS2_PLACEMENT_3D('',#2790,#2322,#2323);
#1855=AXIS2_PLACEMENT_3D('',#2792,#2325,#2326);
#1856=AXIS2_PLACEMENT_3D('',#2794,#2327,#2328);
#1857=AXIS2_PLACEMENT_3D('',#2797,#2330,#2331);
#1858=AXIS2_PLACEMENT_3D('',#2798,#2332,#2333);
#1859=AXIS2_PLACEMENT_3D('',#2799,#2334,#2335);
#1860=AXIS2_PLACEMENT_3D('',#2800,#2336,#2337);
#1861=AXIS2_PLACEMENT_3D('',#2802,#2338,#2339);
#1862=AXIS2_PLACEMENT_3D('',#2805,#2341,#2342);
#1863=AXIS2_PLACEMENT_3D('',#2806,#2343,#2344);
#1864=AXIS2_PLACEMENT_3D('',#2807,#2345,#2346);
#1865=AXIS2_PLACEMENT_3D('',#2808,#2347,#2348);
#1866=AXIS2_PLACEMENT_3D('',#2810,#2349,#2350);
#1867=AXIS2_PLACEMENT_3D('',#2813,#2352,#2353);
#1868=AXIS2_PLACEMENT_3D('',#2814,#2354,#2355);
#1869=AXIS2_PLACEMENT_3D('',#2816,#2356,#2357);
#1870=AXIS2_PLACEMENT_3D('',#2819,#2359,#2360);
#1871=AXIS2_PLACEMENT_3D('',#2820,#2361,#2362);
#1872=AXIS2_PLACEMENT_3D('',#2822,#2363,#2364);
#1873=AXIS2_PLACEMENT_3D('',#2825,#2366,#2367);
#1874=AXIS2_PLACEMENT_3D('',#2826,#2368,#2369);
#1875=AXIS2_PLACEMENT_3D('',#2828,#2370,#2371);
#1876=AXIS2_PLACEMENT_3D('',#2831,#2373,#2374);
#1877=AXIS2_PLACEMENT_3D('',#2832,#2375,#2376);
#1878=AXIS2_PLACEMENT_3D('',#2841,#2381,#2382);
#1879=AXIS2_PLACEMENT_3D('',#2847,#2386,#2387);
#1880=AXIS2_PLACEMENT_3D('',#2853,#2391,#2392);
#1881=AXIS2_PLACEMENT_3D('',#2856,#2395,#2396);
#1882=AXIS2_PLACEMENT_3D('',#2857,#2397,#2398);
#1883=AXIS2_PLACEMENT_3D('',#2858,#2399,#2400);
#1884=AXIS2_PLACEMENT_3D('',#2860,#2401,#2402);
#1885=AXIS2_PLACEMENT_3D('',#2861,#2403,#2404);
#1886=AXIS2_PLACEMENT_3D('',#2863,#2405,#2406);
#1887=AXIS2_PLACEMENT_3D('',#2865,#2408,#2409);
#1888=AXIS2_PLACEMENT_3D('',#2866,#2410,#2411);
#1889=AXIS2_PLACEMENT_3D('',#2868,#2412,#2413);
#1890=AXIS2_PLACEMENT_3D('',#2869,#2414,#2415);
#1891=AXIS2_PLACEMENT_3D('',#2871,#2416,#2417);
#1892=AXIS2_PLACEMENT_3D('',#2873,#2419,#2420);
#1893=AXIS2_PLACEMENT_3D('',#2874,#2421,#2422);
#1894=AXIS2_PLACEMENT_3D('',#2876,#2423,#2424);
#1895=AXIS2_PLACEMENT_3D('',#2877,#2425,#2426);
#1896=AXIS2_PLACEMENT_3D('',#2879,#2427,#2428);
#1897=AXIS2_PLACEMENT_3D('',#2881,#2430,#2431);
#1898=AXIS2_PLACEMENT_3D('',#2882,#2432,#2433);
#1899=AXIS2_PLACEMENT_3D('',#2884,#2434,#2435);
#1900=AXIS2_PLACEMENT_3D('',#2885,#2436,#2437);
#1901=AXIS2_PLACEMENT_3D('',#2887,#2438,#2439);
#1902=AXIS2_PLACEMENT_3D('',#2889,#2441,#2442);
#1903=DIRECTION('axis',(0.,0.,1.));
#1904=DIRECTION('refdir',(1.,0.,0.));
#1905=DIRECTION('center_axis',(0.,0.,1.));
#1906=DIRECTION('ref_axis',(1.,0.,0.));
#1907=DIRECTION('',(1.,0.,0.));
#1908=DIRECTION('',(0.,-1.,0.));
#1909=DIRECTION('',(-1.,0.,0.));
#1910=DIRECTION('',(0.,1.,0.));
#1911=DIRECTION('center_axis',(0.,0.,-1.));
#1912=DIRECTION('ref_axis',(1.,0.,0.));
#1913=DIRECTION('center_axis',(0.,0.,-1.));
#1914=DIRECTION('ref_axis',(1.,0.,0.));
#1915=DIRECTION('center_axis',(0.,0.,-1.));
#1916=DIRECTION('ref_axis',(1.,0.,0.));
#1917=DIRECTION('center_axis',(0.,0.,-1.));
#1918=DIRECTION('ref_axis',(1.,0.,0.));
#1919=DIRECTION('center_axis',(0.,0.,1.));
#1920=DIRECTION('ref_axis',(1.,0.,0.));
#1921=DIRECTION('',(-1.,0.,0.));
#1922=DIRECTION('',(0.,-1.,0.));
#1923=DIRECTION('',(1.,0.,0.));
#1924=DIRECTION('',(0.,1.,0.));
#1925=DIRECTION('center_axis',(0.,0.,-1.));
#1926=DIRECTION('ref_axis',(1.,0.,0.));
#1927=DIRECTION('center_axis',(0.,0.,-1.));
#1928=DIRECTION('ref_axis',(1.,0.,0.));
#1929=DIRECTION('center_axis',(0.,0.,-1.));
#1930=DIRECTION('ref_axis',(1.,0.,0.));
#1931=DIRECTION('center_axis',(0.,0.,-1.));
#1932=DIRECTION('ref_axis',(1.,0.,0.));
#1933=DIRECTION('center_axis',(0.,1.,0.));
#1934=DIRECTION('ref_axis',(-1.,0.,0.));
#1935=DIRECTION('',(0.,0.,1.));
#1936=DIRECTION('',(0.,0.,1.));
#1937=DIRECTION('center_axis',(-1.,0.,0.));
#1938=DIRECTION('ref_axis',(0.,-1.,0.));
#1939=DIRECTION('',(0.,0.,1.));
#1940=DIRECTION('center_axis',(0.,-1.,0.));
#1941=DIRECTION('ref_axis',(1.,0.,0.));
#1942=DIRECTION('',(0.,0.,1.));
#1943=DIRECTION('center_axis',(1.,0.,0.));
#1944=DIRECTION('ref_axis',(0.,1.,0.));
#1945=DIRECTION('center_axis',(0.,0.,1.));
#1946=DIRECTION('ref_axis',(1.,0.,0.));
#1947=DIRECTION('',(0.,0.,-1.));
#1948=DIRECTION('center_axis',(0.,0.,1.));
#1949=DIRECTION('ref_axis',(1.,0.,0.));
#1950=DIRECTION('',(0.,0.,-1.));
#1951=DIRECTION('center_axis',(0.,0.,1.));
#1952=DIRECTION('ref_axis',(1.,0.,0.));
#1953=DIRECTION('',(0.,0.,-1.));
#1954=DIRECTION('center_axis',(0.,0.,1.));
#1955=DIRECTION('ref_axis',(1.,0.,0.));
#1956=DIRECTION('',(0.,0.,-1.));
#1957=DIRECTION('center_axis',(0.,0.,-1.));
#1958=DIRECTION('ref_axis',(-1.,0.,0.));
#1959=DIRECTION('center_axis',(0.,0.,-1.));
#1960=DIRECTION('ref_axis',(1.,0.,0.));
#1961=DIRECTION('center_axis',(0.,0.,1.));
#1962=DIRECTION('ref_axis',(1.,0.,0.));
#1963=DIRECTION('center_axis',(0.,0.,-1.));
#1964=DIRECTION('ref_axis',(1.,0.,0.));
#1965=DIRECTION('center_axis',(0.,0.,1.));
#1966=DIRECTION('ref_axis',(1.,0.,0.));
#1967=DIRECTION('',(0.,0.,-1.));
#1968=DIRECTION('center_axis',(0.,0.,1.));
#1969=DIRECTION('ref_axis',(1.,0.,0.));
#1970=DIRECTION('',(-1.,0.,0.));
#1971=DIRECTION('',(0.,1.,0.));
#1972=DIRECTION('',(1.,0.,0.));
#1973=DIRECTION('',(0.,-1.,0.));
#1974=DIRECTION('center_axis',(0.,-1.,0.));
#1975=DIRECTION('ref_axis',(1.,0.,0.));
#1976=DIRECTION('',(0.,0.,1.));
#1977=DIRECTION('',(1.,0.,0.));
#1978=DIRECTION('',(0.,0.,1.));
#1979=DIRECTION('center_axis',(-1.,0.,0.));
#1980=DIRECTION('ref_axis',(0.,-1.,0.));
#1981=DIRECTION('',(0.,-1.,0.));
#1982=DIRECTION('',(0.,0.,1.));
#1983=DIRECTION('center_axis',(0.,1.,0.));
#1984=DIRECTION('ref_axis',(-1.,0.,0.));
#1985=DIRECTION('',(-1.,0.,0.));
#1986=DIRECTION('',(0.,0.,1.));
#1987=DIRECTION('center_axis',(1.,0.,0.));
#1988=DIRECTION('ref_axis',(0.,1.,0.));
#1989=DIRECTION('',(0.,1.,0.));
#1990=DIRECTION('center_axis',(0.,0.,1.));
#1991=DIRECTION('ref_axis',(1.,0.,0.));
#1992=DIRECTION('center_axis',(1.,0.,0.));
#1993=DIRECTION('ref_axis',(0.,-1.,0.));
#1994=DIRECTION('',(0.,1.,0.));
#1995=DIRECTION('',(0.,0.,-1.));
#1996=DIRECTION('',(0.,-1.,0.));
#1997=DIRECTION('',(0.,0.,-1.));
#1998=DIRECTION('center_axis',(0.768221279597376,-0.64018439966448,0.));
#1999=DIRECTION('ref_axis',(-0.64018439966448,-0.768221279597376,0.));
#2000=DIRECTION('',(0.64018439966448,0.768221279597376,0.));
#2001=DIRECTION('',(-0.64018439966448,-0.768221279597376,0.));
#2002=DIRECTION('',(0.,0.,-1.));
#2003=DIRECTION('center_axis',(1.,0.,0.));
#2004=DIRECTION('ref_axis',(0.,-1.,0.));
#2005=DIRECTION('',(0.,1.,0.));
#2006=DIRECTION('',(0.,-1.,0.));
#2007=DIRECTION('',(0.,0.,-1.));
#2008=DIRECTION('center_axis',(0.,1.,0.));
#2009=DIRECTION('ref_axis',(1.,0.,0.));
#2010=DIRECTION('',(-1.,0.,0.));
#2011=DIRECTION('',(1.,0.,0.));
#2012=DIRECTION('',(0.,0.,-1.));
#2013=DIRECTION('center_axis',(-1.,-1.00929365875014E-16,0.));
#2014=DIRECTION('ref_axis',(-1.00929365875014E-16,1.,0.));
#2015=DIRECTION('',(1.00929365875014E-16,-1.,0.));
#2016=DIRECTION('',(-1.00929365875014E-16,1.,0.));
#2017=DIRECTION('',(0.,0.,-1.));
#2018=DIRECTION('center_axis',(0.,-1.,0.));
#2019=DIRECTION('ref_axis',(-1.,0.,0.));
#2020=DIRECTION('',(1.,0.,0.));
#2021=DIRECTION('',(-1.,0.,0.));
#2022=DIRECTION('center_axis',(0.,0.,-1.));
#2023=DIRECTION('ref_axis',(-1.,0.,0.));
#2024=DIRECTION('center_axis',(0.,0.,-1.));
#2025=DIRECTION('ref_axis',(-1.,0.,0.));
#2026=DIRECTION('center_axis',(0.,0.,1.));
#2027=DIRECTION('ref_axis',(1.,0.,0.));
#2028=DIRECTION('',(-1.,0.,0.));
#2029=DIRECTION('',(0.,1.,0.));
#2030=DIRECTION('',(1.,0.,0.));
#2031=DIRECTION('',(0.,-1.,0.));
#2032=DIRECTION('center_axis',(1.,0.,0.));
#2033=DIRECTION('ref_axis',(0.,-1.,0.));
#2034=DIRECTION('',(0.,1.,0.));
#2035=DIRECTION('',(0.,0.,-1.));
#2036=DIRECTION('',(0.,0.,-1.));
#2037=DIRECTION('center_axis',(0.,1.,0.));
#2038=DIRECTION('ref_axis',(1.,0.,0.));
#2039=DIRECTION('',(-1.,0.,0.));
#2040=DIRECTION('',(0.,0.,-1.));
#2041=DIRECTION('center_axis',(-1.,0.,0.));
#2042=DIRECTION('ref_axis',(0.,1.,0.));
#2043=DIRECTION('',(0.,-1.,0.));
#2044=DIRECTION('',(0.,0.,-1.));
#2045=DIRECTION('center_axis',(0.,-1.,0.));
#2046=DIRECTION('ref_axis',(-1.,0.,0.));
#2047=DIRECTION('',(1.,0.,0.));
#2048=DIRECTION('center_axis',(0.,0.,-1.));
#2049=DIRECTION('ref_axis',(-1.,0.,0.));
#2050=DIRECTION('center_axis',(0.,0.,-1.));
#2051=DIRECTION('ref_axis',(-1.,0.,0.));
#2052=DIRECTION('center_axis',(0.,0.,-1.));
#2053=DIRECTION('ref_axis',(1.,0.,0.));
#2054=DIRECTION('center_axis',(0.,0.,1.));
#2055=DIRECTION('ref_axis',(1.,0.,0.));
#2056=DIRECTION('center_axis',(0.,0.,-1.));
#2057=DIRECTION('ref_axis',(1.,0.,0.));
#2058=DIRECTION('center_axis',(0.,0.,1.));
#2059=DIRECTION('ref_axis',(1.,0.,0.));
#2060=DIRECTION('',(0.,0.,-1.));
#2061=DIRECTION('center_axis',(0.,0.,-1.));
#2062=DIRECTION('ref_axis',(-1.,0.,0.));
#2063=DIRECTION('center_axis',(0.,0.,-1.));
#2064=DIRECTION('ref_axis',(1.,0.,0.));
#2065=DIRECTION('center_axis',(0.,0.,1.));
#2066=DIRECTION('ref_axis',(1.,0.,0.));
#2067=DIRECTION('center_axis',(0.,0.,-1.));
#2068=DIRECTION('ref_axis',(1.,0.,0.));
#2069=DIRECTION('center_axis',(0.,0.,1.));
#2070=DIRECTION('ref_axis',(1.,0.,0.));
#2071=DIRECTION('',(0.,0.,-1.));
#2072=DIRECTION('center_axis',(0.,0.,-1.));
#2073=DIRECTION('ref_axis',(-1.,0.,0.));
#2074=DIRECTION('center_axis',(0.,0.,-1.));
#2075=DIRECTION('ref_axis',(1.,0.,0.));
#2076=DIRECTION('center_axis',(0.,0.,1.));
#2077=DIRECTION('ref_axis',(1.,0.,0.));
#2078=DIRECTION('center_axis',(0.,0.,-1.));
#2079=DIRECTION('ref_axis',(1.,0.,0.));
#2080=DIRECTION('center_axis',(0.,0.,1.));
#2081=DIRECTION('ref_axis',(1.,0.,0.));
#2082=DIRECTION('',(0.,0.,-1.));
#2083=DIRECTION('center_axis',(0.,0.,1.));
#2084=DIRECTION('ref_axis',(1.,0.,0.));
#2085=DIRECTION('center_axis',(0.,0.,-1.));
#2086=DIRECTION('ref_axis',(1.,0.,0.));
#2087=DIRECTION('',(0.,0.,-1.));
#2088=DIRECTION('center_axis',(0.,0.,-1.));
#2089=DIRECTION('ref_axis',(1.,0.,0.));
#2090=DIRECTION('center_axis',(0.,0.,1.));
#2091=DIRECTION('ref_axis',(1.,0.,0.));
#2092=DIRECTION('center_axis',(0.,0.,-1.));
#2093=DIRECTION('ref_axis',(-1.,0.,0.));
#2094=DIRECTION('center_axis',(0.,0.,1.));
#2095=DIRECTION('ref_axis',(1.,0.,0.));
#2096=DIRECTION('center_axis',(0.,0.,1.));
#2097=DIRECTION('ref_axis',(1.,0.,0.));
#2098=DIRECTION('center_axis',(0.,0.,1.));
#2099=DIRECTION('ref_axis',(1.,0.,0.));
#2100=DIRECTION('',(0.,0.,-1.));
#2101=DIRECTION('center_axis',(0.,0.,-1.));
#2102=DIRECTION('ref_axis',(1.,0.,0.));
#2103=DIRECTION('center_axis',(0.,0.,1.));
#2104=DIRECTION('ref_axis',(1.,0.,0.));
#2105=DIRECTION('center_axis',(0.,0.,1.));
#2106=DIRECTION('ref_axis',(1.,0.,0.));
#2107=DIRECTION('center_axis',(0.,0.,1.));
#2108=DIRECTION('ref_axis',(1.,0.,0.));
#2109=DIRECTION('center_axis',(0.,0.,1.));
#2110=DIRECTION('ref_axis',(1.,0.,0.));
#2111=DIRECTION('',(0.,0.,-1.));
#2112=DIRECTION('center_axis',(0.,0.,-1.));
#2113=DIRECTION('ref_axis',(1.,0.,0.));
#2114=DIRECTION('center_axis',(0.,0.,1.));
#2115=DIRECTION('ref_axis',(1.,0.,0.));
#2116=DIRECTION('center_axis',(0.,0.,1.));
#2117=DIRECTION('ref_axis',(1.,0.,0.));
#2118=DIRECTION('center_axis',(0.,0.,1.));
#2119=DIRECTION('ref_axis',(1.,0.,0.));
#2120=DIRECTION('center_axis',(0.,0.,1.));
#2121=DIRECTION('ref_axis',(1.,0.,0.));
#2122=DIRECTION('',(0.,0.,-1.));
#2123=DIRECTION('center_axis',(0.,0.,-1.));
#2124=DIRECTION('ref_axis',(1.,0.,0.));
#2125=DIRECTION('center_axis',(0.,0.,1.));
#2126=DIRECTION('ref_axis',(1.,0.,0.));
#2127=DIRECTION('center_axis',(0.,0.,1.));
#2128=DIRECTION('ref_axis',(1.,0.,0.));
#2129=DIRECTION('center_axis',(0.,0.,1.));
#2130=DIRECTION('ref_axis',(1.,0.,0.));
#2131=DIRECTION('center_axis',(0.,0.,1.));
#2132=DIRECTION('ref_axis',(1.,0.,0.));
#2133=DIRECTION('',(0.,0.,-1.));
#2134=DIRECTION('center_axis',(0.,0.,-1.));
#2135=DIRECTION('ref_axis',(1.,0.,0.));
#2136=DIRECTION('center_axis',(0.,0.,1.));
#2137=DIRECTION('ref_axis',(1.,0.,0.));
#2138=DIRECTION('center_axis',(0.,0.,1.));
#2139=DIRECTION('ref_axis',(1.,0.,0.));
#2140=DIRECTION('center_axis',(0.,0.,-1.));
#2141=DIRECTION('ref_axis',(1.,0.,0.));
#2142=DIRECTION('center_axis',(0.,0.,1.));
#2143=DIRECTION('ref_axis',(1.,0.,0.));
#2144=DIRECTION('center_axis',(0.,0.,1.));
#2145=DIRECTION('ref_axis',(1.,0.,0.));
#2146=DIRECTION('',(0.,0.,-1.));
#2147=DIRECTION('center_axis',(0.,0.,1.));
#2148=DIRECTION('ref_axis',(1.,0.,0.));
#2149=DIRECTION('center_axis',(0.,0.,1.));
#2150=DIRECTION('ref_axis',(1.,0.,0.));
#2151=DIRECTION('center_axis',(0.,0.,-1.));
#2152=DIRECTION('ref_axis',(1.,0.,0.));
#2153=DIRECTION('center_axis',(0.,0.,1.));
#2154=DIRECTION('ref_axis',(1.,0.,0.));
#2155=DIRECTION('center_axis',(0.,0.,1.));
#2156=DIRECTION('ref_axis',(1.,0.,0.));
#2157=DIRECTION('',(0.,0.,-1.));
#2158=DIRECTION('center_axis',(0.,0.,1.));
#2159=DIRECTION('ref_axis',(1.,0.,0.));
#2160=DIRECTION('center_axis',(0.,0.,1.));
#2161=DIRECTION('ref_axis',(1.,0.,0.));
#2162=DIRECTION('center_axis',(0.,0.,-1.));
#2163=DIRECTION('ref_axis',(1.,0.,0.));
#2164=DIRECTION('center_axis',(0.,0.,1.));
#2165=DIRECTION('ref_axis',(1.,0.,0.));
#2166=DIRECTION('center_axis',(0.,0.,1.));
#2167=DIRECTION('ref_axis',(1.,0.,0.));
#2168=DIRECTION('',(0.,0.,-1.));
#2169=DIRECTION('center_axis',(0.,0.,1.));
#2170=DIRECTION('ref_axis',(1.,0.,0.));
#2171=DIRECTION('center_axis',(0.,0.,1.));
#2172=DIRECTION('ref_axis',(1.,0.,0.));
#2173=DIRECTION('center_axis',(0.,0.,-1.));
#2174=DIRECTION('ref_axis',(1.,0.,0.));
#2175=DIRECTION('',(0.,0.,-1.));
#2176=DIRECTION('center_axis',(0.,0.,-1.));
#2177=DIRECTION('ref_axis',(1.,0.,0.));
#2178=DIRECTION('center_axis',(0.,0.,1.));
#2179=DIRECTION('ref_axis',(1.,0.,0.));
#2180=DIRECTION('center_axis',(0.,0.,-1.));
#2181=DIRECTION('ref_axis',(-1.,0.,0.));
#2182=DIRECTION('center_axis',(0.,0.,1.));
#2183=DIRECTION('ref_axis',(1.,0.,0.));
#2184=DIRECTION('center_axis',(0.,0.,-1.));
#2185=DIRECTION('ref_axis',(1.,0.,0.));
#2186=DIRECTION('center_axis',(0.,0.,1.));
#2187=DIRECTION('ref_axis',(1.,0.,0.));
#2188=DIRECTION('center_axis',(0.,0.,1.));
#2189=DIRECTION('ref_axis',(1.,0.,0.));
#2190=DIRECTION('',(0.,0.,-1.));
#2191=DIRECTION('center_axis',(0.,0.,1.));
#2192=DIRECTION('ref_axis',(1.,0.,0.));
#2193=DIRECTION('center_axis',(0.,0.,1.));
#2194=DIRECTION('ref_axis',(1.,0.,0.));
#2195=DIRECTION('center_axis',(0.,0.,-1.));
#2196=DIRECTION('ref_axis',(1.,0.,0.));
#2197=DIRECTION('',(0.,0.,-1.));
#2198=DIRECTION('center_axis',(0.,0.,-1.));
#2199=DIRECTION('ref_axis',(1.,0.,0.));
#2200=DIRECTION('center_axis',(0.,0.,1.));
#2201=DIRECTION('ref_axis',(1.,0.,0.));
#2202=DIRECTION('center_axis',(0.,0.,-1.));
#2203=DIRECTION('ref_axis',(-1.,0.,0.));
#2204=DIRECTION('center_axis',(0.,0.,1.));
#2205=DIRECTION('ref_axis',(1.,0.,0.));
#2206=DIRECTION('center_axis',(0.,0.,-1.));
#2207=DIRECTION('ref_axis',(1.,0.,0.));
#2208=DIRECTION('',(0.,0.,-1.));
#2209=DIRECTION('center_axis',(0.,0.,-1.));
#2210=DIRECTION('ref_axis',(1.,0.,0.));
#2211=DIRECTION('center_axis',(0.,0.,1.));
#2212=DIRECTION('ref_axis',(1.,0.,0.));
#2213=DIRECTION('center_axis',(0.,0.,-1.));
#2214=DIRECTION('ref_axis',(-1.,0.,0.));
#2215=DIRECTION('center_axis',(0.,0.,1.));
#2216=DIRECTION('ref_axis',(1.,0.,0.));
#2217=DIRECTION('center_axis',(0.,0.,-1.));
#2218=DIRECTION('ref_axis',(1.,0.,0.));
#2219=DIRECTION('center_axis',(0.,0.,1.));
#2220=DIRECTION('ref_axis',(1.,0.,0.));
#2221=DIRECTION('center_axis',(0.,0.,1.));
#2222=DIRECTION('ref_axis',(1.,0.,0.));
#2223=DIRECTION('',(0.,0.,-1.));
#2224=DIRECTION('center_axis',(0.,0.,1.));
#2225=DIRECTION('ref_axis',(1.,0.,0.));
#2226=DIRECTION('center_axis',(0.,0.,1.));
#2227=DIRECTION('ref_axis',(1.,0.,0.));
#2228=DIRECTION('center_axis',(0.,0.,-1.));
#2229=DIRECTION('ref_axis',(1.,0.,0.));
#2230=DIRECTION('center_axis',(0.,0.,1.));
#2231=DIRECTION('ref_axis',(1.,0.,0.));
#2232=DIRECTION('center_axis',(0.,0.,1.));
#2233=DIRECTION('ref_axis',(1.,0.,0.));
#2234=DIRECTION('',(0.,0.,-1.));
#2235=DIRECTION('center_axis',(0.,0.,1.));
#2236=DIRECTION('ref_axis',(1.,0.,0.));
#2237=DIRECTION('center_axis',(0.,0.,1.));
#2238=DIRECTION('ref_axis',(1.,0.,0.));
#2239=DIRECTION('center_axis',(0.,0.,-1.));
#2240=DIRECTION('ref_axis',(1.,0.,0.));
#2241=DIRECTION('center_axis',(0.,0.,1.));
#2242=DIRECTION('ref_axis',(1.,0.,0.));
#2243=DIRECTION('center_axis',(0.,0.,1.));
#2244=DIRECTION('ref_axis',(1.,0.,0.));
#2245=DIRECTION('',(0.,0.,-1.));
#2246=DIRECTION('center_axis',(0.,0.,1.));
#2247=DIRECTION('ref_axis',(1.,0.,0.));
#2248=DIRECTION('center_axis',(0.,0.,1.));
#2249=DIRECTION('ref_axis',(1.,0.,0.));
#2250=DIRECTION('center_axis',(0.,0.,1.));
#2251=DIRECTION('ref_axis',(1.,0.,0.));
#2252=DIRECTION('center_axis',(0.,0.,1.));
#2253=DIRECTION('ref_axis',(1.,0.,0.));
#2254=DIRECTION('',(0.,0.,-1.));
#2255=DIRECTION('center_axis',(0.,0.,-1.));
#2256=DIRECTION('ref_axis',(1.,0.,0.));
#2257=DIRECTION('center_axis',(0.,0.,1.));
#2258=DIRECTION('ref_axis',(1.,0.,0.));
#2259=DIRECTION('center_axis',(0.,0.,1.));
#2260=DIRECTION('ref_axis',(1.,0.,0.));
#2261=DIRECTION('center_axis',(0.,0.,1.));
#2262=DIRECTION('ref_axis',(1.,0.,0.));
#2263=DIRECTION('center_axis',(0.,0.,1.));
#2264=DIRECTION('ref_axis',(1.,0.,0.));
#2265=DIRECTION('',(0.,0.,-1.));
#2266=DIRECTION('center_axis',(0.,0.,-1.));
#2267=DIRECTION('ref_axis',(1.,0.,0.));
#2268=DIRECTION('center_axis',(0.,0.,1.));
#2269=DIRECTION('ref_axis',(1.,0.,0.));
#2270=DIRECTION('center_axis',(0.,0.,1.));
#2271=DIRECTION('ref_axis',(1.,0.,0.));
#2272=DIRECTION('center_axis',(0.,0.,1.));
#2273=DIRECTION('ref_axis',(1.,0.,0.));
#2274=DIRECTION('center_axis',(0.,0.,1.));
#2275=DIRECTION('ref_axis',(1.,0.,0.));
#2276=DIRECTION('',(0.,0.,-1.));
#2277=DIRECTION('center_axis',(0.,0.,-1.));
#2278=DIRECTION('ref_axis',(1.,0.,0.));
#2279=DIRECTION('center_axis',(0.,0.,1.));
#2280=DIRECTION('ref_axis',(1.,0.,0.));
#2281=DIRECTION('center_axis',(0.,0.,-1.));
#2282=DIRECTION('ref_axis',(-1.,0.,0.));
#2283=DIRECTION('center_axis',(0.,0.,-1.));
#2284=DIRECTION('ref_axis',(1.,0.,0.));
#2285=DIRECTION('center_axis',(0.,0.,1.));
#2286=DIRECTION('ref_axis',(1.,0.,0.));
#2287=DIRECTION('center_axis',(0.,0.,-1.));
#2288=DIRECTION('ref_axis',(1.,0.,0.));
#2289=DIRECTION('center_axis',(0.,0.,1.));
#2290=DIRECTION('ref_axis',(1.,0.,0.));
#2291=DIRECTION('',(0.,0.,-1.));
#2292=DIRECTION('center_axis',(0.,0.,-1.));
#2293=DIRECTION('ref_axis',(-1.,0.,0.));
#2294=DIRECTION('center_axis',(0.,0.,-1.));
#2295=DIRECTION('ref_axis',(1.,0.,0.));
#2296=DIRECTION('center_axis',(0.,0.,1.));
#2297=DIRECTION('ref_axis',(1.,0.,0.));
#2298=DIRECTION('center_axis',(0.,0.,-1.));
#2299=DIRECTION('ref_axis',(1.,0.,0.));
#2300=DIRECTION('center_axis',(0.,0.,1.));
#2301=DIRECTION('ref_axis',(1.,0.,0.));
#2302=DIRECTION('',(0.,0.,-1.));
#2303=DIRECTION('center_axis',(0.,0.,-1.));
#2304=DIRECTION('ref_axis',(-1.,0.,0.));
#2305=DIRECTION('center_axis',(0.,0.,-1.));
#2306=DIRECTION('ref_axis',(1.,0.,0.));
#2307=DIRECTION('center_axis',(0.,0.,1.));
#2308=DIRECTION('ref_axis',(1.,0.,0.));
#2309=DIRECTION('center_axis',(0.,0.,-1.));
#2310=DIRECTION('ref_axis',(1.,0.,0.));
#2311=DIRECTION('center_axis',(0.,0.,1.));
#2312=DIRECTION('ref_axis',(1.,0.,0.));
#2313=DIRECTION('',(0.,0.,-1.));
#2314=DIRECTION('center_axis',(0.,0.,-1.));
#2315=DIRECTION('ref_axis',(-1.,0.,0.));
#2316=DIRECTION('center_axis',(0.,0.,-1.));
#2317=DIRECTION('ref_axis',(1.,0.,0.));
#2318=DIRECTION('center_axis',(0.,0.,1.));
#2319=DIRECTION('ref_axis',(1.,0.,0.));
#2320=DIRECTION('center_axis',(0.,0.,-1.));
#2321=DIRECTION('ref_axis',(1.,0.,0.));
#2322=DIRECTION('center_axis',(0.,0.,1.));
#2323=DIRECTION('ref_axis',(1.,0.,0.));
#2324=DIRECTION('',(0.,0.,-1.));
#2325=DIRECTION('center_axis',(0.,0.,1.));
#2326=DIRECTION('ref_axis',(1.,0.,0.));
#2327=DIRECTION('center_axis',(0.,0.,-1.));
#2328=DIRECTION('ref_axis',(1.,0.,0.));
#2329=DIRECTION('',(0.,0.,-1.));
#2330=DIRECTION('center_axis',(0.,0.,-1.));
#2331=DIRECTION('ref_axis',(1.,0.,0.));
#2332=DIRECTION('center_axis',(0.,0.,1.));
#2333=DIRECTION('ref_axis',(1.,0.,0.));
#2334=DIRECTION('center_axis',(0.,0.,-1.));
#2335=DIRECTION('ref_axis',(-1.,0.,0.));
#2336=DIRECTION('center_axis',(0.,0.,1.));
#2337=DIRECTION('ref_axis',(1.,0.,0.));
#2338=DIRECTION('center_axis',(0.,0.,-1.));
#2339=DIRECTION('ref_axis',(1.,0.,0.));
#2340=DIRECTION('',(0.,0.,-1.));
#2341=DIRECTION('center_axis',(0.,0.,-1.));
#2342=DIRECTION('ref_axis',(1.,0.,0.));
#2343=DIRECTION('center_axis',(0.,0.,1.));
#2344=DIRECTION('ref_axis',(1.,0.,0.));
#2345=DIRECTION('center_axis',(0.,0.,-1.));
#2346=DIRECTION('ref_axis',(-1.,0.,0.));
#2347=DIRECTION('center_axis',(0.,0.,-1.));
#2348=DIRECTION('ref_axis',(1.,0.,0.));
#2349=DIRECTION('center_axis',(0.,0.,1.));
#2350=DIRECTION('ref_axis',(1.,0.,0.));
#2351=DIRECTION('',(0.,0.,1.));
#2352=DIRECTION('center_axis',(0.,0.,1.));
#2353=DIRECTION('ref_axis',(1.,0.,0.));
#2354=DIRECTION('center_axis',(0.,0.,-1.));
#2355=DIRECTION('ref_axis',(1.,0.,0.));
#2356=DIRECTION('center_axis',(0.,0.,1.));
#2357=DIRECTION('ref_axis',(1.,0.,0.));
#2358=DIRECTION('',(0.,0.,1.));
#2359=DIRECTION('center_axis',(0.,0.,1.));
#2360=DIRECTION('ref_axis',(1.,0.,0.));
#2361=DIRECTION('center_axis',(0.,0.,-1.));
#2362=DIRECTION('ref_axis',(1.,0.,0.));
#2363=DIRECTION('center_axis',(0.,0.,1.));
#2364=DIRECTION('ref_axis',(1.,0.,0.));
#2365=DIRECTION('',(0.,0.,1.));
#2366=DIRECTION('center_axis',(0.,0.,1.));
#2367=DIRECTION('ref_axis',(1.,0.,0.));
#2368=DIRECTION('center_axis',(0.,0.,-1.));
#2369=DIRECTION('ref_axis',(1.,0.,0.));
#2370=DIRECTION('center_axis',(0.,0.,1.));
#2371=DIRECTION('ref_axis',(1.,0.,0.));
#2372=DIRECTION('',(0.,0.,1.));
#2373=DIRECTION('center_axis',(0.,0.,1.));
#2374=DIRECTION('ref_axis',(1.,0.,0.));
#2375=DIRECTION('center_axis',(0.,-1.,0.));
#2376=DIRECTION('ref_axis',(-1.,0.,0.));
#2377=DIRECTION('',(1.,0.,0.));
#2378=DIRECTION('',(0.,0.,-1.));
#2379=DIRECTION('',(-1.,0.,0.));
#2380=DIRECTION('',(0.,0.,-1.));
#2381=DIRECTION('center_axis',(1.,0.,0.));
#2382=DIRECTION('ref_axis',(0.,-1.,0.));
#2383=DIRECTION('',(0.,1.,0.));
#2384=DIRECTION('',(0.,-1.,0.));
#2385=DIRECTION('',(0.,0.,-1.));
#2386=DIRECTION('center_axis',(0.,1.,0.));
#2387=DIRECTION('ref_axis',(1.,0.,0.));
#2388=DIRECTION('',(1.,0.,0.));
#2389=DIRECTION('',(1.,0.,0.));
#2390=DIRECTION('',(0.,0.,-1.));
#2391=DIRECTION('center_axis',(-1.,0.,0.));
#2392=DIRECTION('ref_axis',(0.,1.,0.));
#2393=DIRECTION('',(0.,-1.,0.));
#2394=DIRECTION('',(0.,1.,0.));
#2395=DIRECTION('center_axis',(0.,0.,-1.));
#2396=DIRECTION('ref_axis',(1.,0.,0.));
#2397=DIRECTION('center_axis',(0.,0.,-1.));
#2398=DIRECTION('ref_axis',(1.,0.,0.));
#2399=DIRECTION('center_axis',(0.,0.,-1.));
#2400=DIRECTION('ref_axis',(1.,0.,0.));
#2401=DIRECTION('center_axis',(0.,0.,1.));
#2402=DIRECTION('ref_axis',(1.,0.,0.));
#2403=DIRECTION('center_axis',(0.,0.,-1.));
#2404=DIRECTION('ref_axis',(1.,0.,0.));
#2405=DIRECTION('center_axis',(0.,0.,-1.));
#2406=DIRECTION('ref_axis',(1.,0.,0.));
#2407=DIRECTION('',(0.,0.,1.));
#2408=DIRECTION('center_axis',(0.,0.,-1.));
#2409=DIRECTION('ref_axis',(1.,0.,0.));
#2410=DIRECTION('center_axis',(0.,0.,-1.));
#2411=DIRECTION('ref_axis',(1.,0.,0.));
#2412=DIRECTION('center_axis',(0.,0.,1.));
#2413=DIRECTION('ref_axis',(1.,0.,0.));
#2414=DIRECTION('center_axis',(0.,0.,-1.));
#2415=DIRECTION('ref_axis',(1.,0.,0.));
#2416=DIRECTION('center_axis',(0.,0.,-1.));
#2417=DIRECTION('ref_axis',(1.,0.,0.));
#2418=DIRECTION('',(0.,0.,1.));
#2419=DIRECTION('center_axis',(0.,0.,-1.));
#2420=DIRECTION('ref_axis',(1.,0.,0.));
#2421=DIRECTION('center_axis',(0.,0.,-1.));
#2422=DIRECTION('ref_axis',(1.,0.,0.));
#2423=DIRECTION('center_axis',(0.,0.,1.));
#2424=DIRECTION('ref_axis',(1.,0.,0.));
#2425=DIRECTION('center_axis',(0.,0.,-1.));
#2426=DIRECTION('ref_axis',(1.,0.,0.));
#2427=DIRECTION('center_axis',(0.,0.,-1.));
#2428=DIRECTION('ref_axis',(1.,0.,0.));
#2429=DIRECTION('',(0.,0.,1.));
#2430=DIRECTION('center_axis',(0.,0.,-1.));
#2431=DIRECTION('ref_axis',(1.,0.,0.));
#2432=DIRECTION('center_axis',(0.,0.,-1.));
#2433=DIRECTION('ref_axis',(1.,0.,0.));
#2434=DIRECTION('center_axis',(0.,0.,1.));
#2435=DIRECTION('ref_axis',(1.,0.,0.));
#2436=DIRECTION('center_axis',(0.,0.,-1.));
#2437=DIRECTION('ref_axis',(1.,0.,0.));
#2438=DIRECTION('center_axis',(0.,0.,-1.));
#2439=DIRECTION('ref_axis',(1.,0.,0.));
#2440=DIRECTION('',(0.,0.,1.));
#2441=DIRECTION('center_axis',(0.,0.,-1.));
#2442=DIRECTION('ref_axis',(1.,0.,0.));
#2443=CARTESIAN_POINT('',(0.,0.,0.));
#2444=CARTESIAN_POINT('Origin',(0.,0.,0.));
#2445=CARTESIAN_POINT('',(-4.9,2.825,0.));
#2446=CARTESIAN_POINT('',(4.9,2.825,0.));
#2447=CARTESIAN_POINT('',(-4.9,2.825,0.));
#2448=CARTESIAN_POINT('',(4.9,-2.825,0.));
#2449=CARTESIAN_POINT('',(4.9,2.825,0.));
#2450=CARTESIAN_POINT('',(-4.9,-2.825,0.));
#2451=CARTESIAN_POINT('',(4.9,-2.825,0.));
#2452=CARTESIAN_POINT('',(-4.9,-2.825,0.));
#2453=CARTESIAN_POINT('',(-4.7,2.475,0.));
#2454=CARTESIAN_POINT('Origin',(-4.55,2.475,0.));
#2455=CARTESIAN_POINT('',(4.4,-2.475,0.));
#2456=CARTESIAN_POINT('Origin',(4.55,-2.475,0.));
#2457=CARTESIAN_POINT('',(4.4,2.475,0.));
#2458=CARTESIAN_POINT('Origin',(4.55,2.475,0.));
#2459=CARTESIAN_POINT('',(-4.7,-2.475,0.));
#2460=CARTESIAN_POINT('Origin',(-4.55,-2.475,0.));
#2461=CARTESIAN_POINT('Origin',(0.,0.,0.165));
#2462=CARTESIAN_POINT('',(4.9,2.825,0.165));
#2463=CARTESIAN_POINT('',(-4.9,2.825,0.165));
#2464=CARTESIAN_POINT('',(-4.9,2.825,0.165));
#2465=CARTESIAN_POINT('',(-4.9,-2.825,0.165));
#2466=CARTESIAN_POINT('',(-4.9,-2.825,0.165));
#2467=CARTESIAN_POINT('',(4.9,-2.825,0.165));
#2468=CARTESIAN_POINT('',(4.9,-2.825,0.165));
#2469=CARTESIAN_POINT('',(4.9,2.825,0.165));
#2470=CARTESIAN_POINT('',(-4.7,2.475,0.165));
#2471=CARTESIAN_POINT('Origin',(-4.55,2.475,0.165));
#2472=CARTESIAN_POINT('',(4.4,-2.475,0.165));
#2473=CARTESIAN_POINT('Origin',(4.55,-2.475,0.165));
#2474=CARTESIAN_POINT('',(4.4,2.475,0.165));
#2475=CARTESIAN_POINT('Origin',(4.55,2.475,0.165));
#2476=CARTESIAN_POINT('',(-4.7,-2.475,0.165));
#2477=CARTESIAN_POINT('Origin',(-4.55,-2.475,0.165));
#2478=CARTESIAN_POINT('Origin',(4.9,2.825,0.));
#2479=CARTESIAN_POINT('',(-4.9,2.825,0.));
#2480=CARTESIAN_POINT('',(4.9,2.825,0.));
#2481=CARTESIAN_POINT('Origin',(-4.9,2.825,0.));
#2482=CARTESIAN_POINT('',(-4.9,-2.825,0.));
#2483=CARTESIAN_POINT('Origin',(-4.9,-2.825,0.));
#2484=CARTESIAN_POINT('',(4.9,-2.825,0.));
#2485=CARTESIAN_POINT('Origin',(4.9,-2.825,0.));
#2486=CARTESIAN_POINT('Origin',(-4.55,2.475,0.));
#2487=CARTESIAN_POINT('',(-4.7,2.475,0.));
#2488=CARTESIAN_POINT('Origin',(4.55,-2.475,0.));
#2489=CARTESIAN_POINT('',(4.4,-2.475,0.));
#2490=CARTESIAN_POINT('Origin',(4.55,2.475,0.));
#2491=CARTESIAN_POINT('',(4.4,2.475,0.));
#2492=CARTESIAN_POINT('Origin',(-4.55,-2.475,0.));
#2493=CARTESIAN_POINT('',(-4.7,-2.475,0.));
#2494=CARTESIAN_POINT('Origin',(-4.675,0.05,-0.225));
#2495=CARTESIAN_POINT('',(-4.725,1.475,-0.225));
#2496=CARTESIAN_POINT('Origin',(-4.675,1.475,-0.225));
#2497=CARTESIAN_POINT('Origin',(-4.675,1.475,-0.825));
#2498=CARTESIAN_POINT('',(-4.725,1.475,-0.825));
#2499=CARTESIAN_POINT('Origin',(-4.675,1.475,-0.825));
#2500=CARTESIAN_POINT('Origin',(-4.675,1.475,0.));
#2501=CARTESIAN_POINT('',(-4.725,1.475,0.));
#2502=CARTESIAN_POINT('Origin',(0.,-2.22044604925031E-16,0.165));
#2503=CARTESIAN_POINT('',(4.24,-2.775,0.165));
#2504=CARTESIAN_POINT('',(-4.255,-2.775,0.165));
#2505=CARTESIAN_POINT('',(-2.1275,-2.775,0.165));
#2506=CARTESIAN_POINT('',(-4.255,2.775,0.165));
#2507=CARTESIAN_POINT('',(-4.255,1.3875,0.165));
#2508=CARTESIAN_POINT('',(4.24,2.775,0.165));
#2509=CARTESIAN_POINT('',(2.12,2.775,0.165));
#2510=CARTESIAN_POINT('',(4.24,-1.3875,0.165));
#2511=CARTESIAN_POINT('Origin',(-4.255,-2.775,0.165));
#2512=CARTESIAN_POINT('',(4.24,-2.775,0.59));
#2513=CARTESIAN_POINT('',(4.24,-2.775,0.165));
#2514=CARTESIAN_POINT('',(-4.255,-2.775,0.59));
#2515=CARTESIAN_POINT('',(-4.255,-2.775,0.59));
#2516=CARTESIAN_POINT('',(-4.255,-2.775,0.165));
#2517=CARTESIAN_POINT('Origin',(-4.255,2.775,0.165));
#2518=CARTESIAN_POINT('',(-4.255,2.775,0.59));
#2519=CARTESIAN_POINT('',(-4.255,2.775,0.59));
#2520=CARTESIAN_POINT('',(-4.255,2.775,0.165));
#2521=CARTESIAN_POINT('Origin',(4.24,2.775,0.165));
#2522=CARTESIAN_POINT('',(4.24,2.775,0.59));
#2523=CARTESIAN_POINT('',(4.24,2.775,0.59));
#2524=CARTESIAN_POINT('',(4.24,2.775,0.165));
#2525=CARTESIAN_POINT('Origin',(4.24,-2.775,0.165));
#2526=CARTESIAN_POINT('',(4.24,-2.775,0.59));
#2527=CARTESIAN_POINT('Origin',(-0.00750000000000028,-8.88178419700125E-16,
0.59));
#2528=CARTESIAN_POINT('Origin',(2.75,1.49,0.));
#2529=CARTESIAN_POINT('',(2.75,0.94,0.));
#2530=CARTESIAN_POINT('',(2.75,1.49,0.));
#2531=CARTESIAN_POINT('',(2.75,0.745,0.));
#2532=CARTESIAN_POINT('',(2.75,0.94,-0.285));
#2533=CARTESIAN_POINT('',(2.75,0.94,0.));
#2534=CARTESIAN_POINT('',(2.75,1.49,-0.285));
#2535=CARTESIAN_POINT('',(2.75,0.94,-0.285));
#2536=CARTESIAN_POINT('',(2.75,1.49,0.));
#2537=CARTESIAN_POINT('Origin',(3.,1.79,0.));
#2538=CARTESIAN_POINT('',(3.,1.79,0.));
#2539=CARTESIAN_POINT('',(1.94508196721311,0.524098360655738,0.));
#2540=CARTESIAN_POINT('',(3.,1.79,-0.285));
#2541=CARTESIAN_POINT('',(2.75,1.49,-0.285));
#2542=CARTESIAN_POINT('',(3.,1.79,0.));
#2543=CARTESIAN_POINT('Origin',(3.,2.59,0.));
#2544=CARTESIAN_POINT('',(3.,2.59,0.));
#2545=CARTESIAN_POINT('',(3.,1.295,0.));
#2546=CARTESIAN_POINT('',(3.,2.59,-0.285));
#2547=CARTESIAN_POINT('',(3.,2.59,-0.285));
#2548=CARTESIAN_POINT('',(3.,2.59,0.));
#2549=CARTESIAN_POINT('Origin',(0.35,2.59,0.));
#2550=CARTESIAN_POINT('',(0.35,2.59,0.));
#2551=CARTESIAN_POINT('',(0.175,2.59,0.));
#2552=CARTESIAN_POINT('',(0.350000000000001,2.59,-0.285));
#2553=CARTESIAN_POINT('',(0.35,2.59,-0.285));
#2554=CARTESIAN_POINT('',(0.35,2.59,0.));
#2555=CARTESIAN_POINT('Origin',(0.350000000000001,0.94,0.));
#2556=CARTESIAN_POINT('',(0.350000000000001,0.94,0.));
#2557=CARTESIAN_POINT('',(0.350000000000001,0.47,0.));
#2558=CARTESIAN_POINT('',(0.350000000000001,0.94,-0.285));
#2559=CARTESIAN_POINT('',(0.350000000000001,0.94,-0.285));
#2560=CARTESIAN_POINT('',(0.350000000000001,0.94,0.));
#2561=CARTESIAN_POINT('Origin',(2.75,0.94,0.));
#2562=CARTESIAN_POINT('',(1.375,0.94,0.));
#2563=CARTESIAN_POINT('',(3.,0.94,-0.285));
#2564=CARTESIAN_POINT('Origin',(1.675,1.765,-0.285));
#2565=CARTESIAN_POINT('Origin',(0.,-2.22044604925031E-16,0.));
#2566=CARTESIAN_POINT('Origin',(-4.675,0.05,-0.225));
#2567=CARTESIAN_POINT('',(-4.55,-1.725,-0.225));
#2568=CARTESIAN_POINT('',(-4.8,-1.725,-0.225));
#2569=CARTESIAN_POINT('',(-4.55,-1.725,-0.225));
#2570=CARTESIAN_POINT('',(-4.8,1.825,-0.225));
#2571=CARTESIAN_POINT('',(-4.8,-1.725,-0.225));
#2572=CARTESIAN_POINT('',(-4.55,1.825,-0.225));
#2573=CARTESIAN_POINT('',(-4.8,1.825,-0.225));
#2574=CARTESIAN_POINT('',(-4.55,1.825,-0.225));
#2575=CARTESIAN_POINT('Origin',(-4.55,1.825,0.));
#2576=CARTESIAN_POINT('',(-4.55,-1.725,0.));
#2577=CARTESIAN_POINT('',(-4.55,1.825,0.));
#2578=CARTESIAN_POINT('',(-4.55,0.9125,0.));
#2579=CARTESIAN_POINT('',(-4.55,-1.725,0.));
#2580=CARTESIAN_POINT('',(-4.55,1.825,0.));
#2581=CARTESIAN_POINT('Origin',(-4.8,1.825,0.));
#2582=CARTESIAN_POINT('',(-4.8,1.825,0.));
#2583=CARTESIAN_POINT('',(-2.4,1.825,0.));
#2584=CARTESIAN_POINT('',(-4.8,1.825,0.));
#2585=CARTESIAN_POINT('Origin',(-4.8,-1.725,0.));
#2586=CARTESIAN_POINT('',(-4.8,-1.725,0.));
#2587=CARTESIAN_POINT('',(-4.8,-0.8625,0.));
#2588=CARTESIAN_POINT('',(-4.8,-1.725,0.));
#2589=CARTESIAN_POINT('Origin',(-4.55,-1.725,0.));
#2590=CARTESIAN_POINT('',(-2.275,-1.725,0.));
#2591=CARTESIAN_POINT('Origin',(0.,-2.22044604925031E-16,0.));
#2592=CARTESIAN_POINT('Origin',(-4.675,0.05,-0.225));
#2593=CARTESIAN_POINT('',(-4.725,-0.0249999999999999,-0.225));
#2594=CARTESIAN_POINT('Origin',(-4.675,-0.0249999999999999,-0.225));
#2595=CARTESIAN_POINT('Origin',(-4.675,-0.0249999999999999,-0.825));
#2596=CARTESIAN_POINT('',(-4.725,-0.0249999999999999,-0.825));
#2597=CARTESIAN_POINT('Origin',(-4.675,-0.0249999999999999,-0.825));
#2598=CARTESIAN_POINT('Origin',(-4.675,-0.0249999999999999,0.));
#2599=CARTESIAN_POINT('',(-4.725,-0.0249999999999999,0.));
#2600=CARTESIAN_POINT('Origin',(-4.675,0.05,-0.225));
#2601=CARTESIAN_POINT('',(-4.725,0.475,-0.225));
#2602=CARTESIAN_POINT('Origin',(-4.675,0.475,-0.225));
#2603=CARTESIAN_POINT('Origin',(-4.675,0.475,-0.825));
#2604=CARTESIAN_POINT('',(-4.725,0.475,-0.825));
#2605=CARTESIAN_POINT('Origin',(-4.675,0.475,-0.825));
#2606=CARTESIAN_POINT('Origin',(-4.675,0.475,0.));
#2607=CARTESIAN_POINT('',(-4.725,0.475,0.));
#2608=CARTESIAN_POINT('Origin',(-4.675,0.05,-0.225));
#2609=CARTESIAN_POINT('',(-4.725,0.975,-0.225));
#2610=CARTESIAN_POINT('Origin',(-4.675,0.975,-0.225));
#2611=CARTESIAN_POINT('Origin',(-4.675,0.975,-0.825));
#2612=CARTESIAN_POINT('',(-4.725,0.975,-0.825));
#2613=CARTESIAN_POINT('Origin',(-4.675,0.975,-0.825));
#2614=CARTESIAN_POINT('Origin',(-4.675,0.975,0.));
#2615=CARTESIAN_POINT('',(-4.725,0.975,0.));
#2616=CARTESIAN_POINT('Origin',(-4.675,-0.525,0.));
#2617=CARTESIAN_POINT('',(-4.725,-0.525,-0.225));
#2618=CARTESIAN_POINT('Origin',(-4.675,-0.525,-0.225));
#2619=CARTESIAN_POINT('',(-4.725,-0.525,-0.825));
#2620=CARTESIAN_POINT('',(-4.725,-0.525,0.));
#2621=CARTESIAN_POINT('Origin',(-4.675,-0.525,-0.825));
#2622=CARTESIAN_POINT('Origin',(-4.675,-0.525,-0.825));
#2623=CARTESIAN_POINT('Origin',(-4.675,0.05,-0.225));
#2624=CARTESIAN_POINT('Origin',(-4.675,1.725,0.28));
#2625=CARTESIAN_POINT('',(-4.725,1.725,0.28));
#2626=CARTESIAN_POINT('Origin',(-4.675,1.725,0.28));
#2627=CARTESIAN_POINT('Origin',(-4.675,1.725,0.));
#2628=CARTESIAN_POINT('',(-4.725,1.725,0.165));
#2629=CARTESIAN_POINT('',(-4.725,1.725,0.));
#2630=CARTESIAN_POINT('Origin',(-4.675,1.725,0.165));
#2631=CARTESIAN_POINT('Origin',(0.,-2.22044604925031E-16,0.165));
#2632=CARTESIAN_POINT('Origin',(-4.675,1.225,0.28));
#2633=CARTESIAN_POINT('',(-4.725,1.225,0.28));
#2634=CARTESIAN_POINT('Origin',(-4.675,1.225,0.28));
#2635=CARTESIAN_POINT('Origin',(-4.675,1.225,0.));
#2636=CARTESIAN_POINT('',(-4.725,1.225,0.165));
#2637=CARTESIAN_POINT('',(-4.725,1.225,0.));
#2638=CARTESIAN_POINT('Origin',(-4.675,1.225,0.165));
#2639=CARTESIAN_POINT('Origin',(0.,-2.22044604925031E-16,0.165));
#2640=CARTESIAN_POINT('Origin',(-4.675,0.725,0.28));
#2641=CARTESIAN_POINT('',(-4.725,0.725,0.28));
#2642=CARTESIAN_POINT('Origin',(-4.675,0.725,0.28));
#2643=CARTESIAN_POINT('Origin',(-4.675,0.725,0.));
#2644=CARTESIAN_POINT('',(-4.725,0.725,0.165));
#2645=CARTESIAN_POINT('',(-4.725,0.725,0.));
#2646=CARTESIAN_POINT('Origin',(-4.675,0.725,0.165));
#2647=CARTESIAN_POINT('Origin',(0.,-2.22044604925031E-16,0.165));
#2648=CARTESIAN_POINT('Origin',(-4.675,0.225,0.28));
#2649=CARTESIAN_POINT('',(-4.725,0.225,0.28));
#2650=CARTESIAN_POINT('Origin',(-4.675,0.225,0.28));
#2651=CARTESIAN_POINT('Origin',(-4.675,0.225,0.));
#2652=CARTESIAN_POINT('',(-4.725,0.225,0.165));
#2653=CARTESIAN_POINT('',(-4.725,0.225,0.));
#2654=CARTESIAN_POINT('Origin',(-4.675,0.225,0.165));
#2655=CARTESIAN_POINT('Origin',(0.,-2.22044604925031E-16,0.165));
#2656=CARTESIAN_POINT('Origin',(0.,-2.22044604925031E-16,0.165));
#2657=CARTESIAN_POINT('',(-4.725,-0.275,0.165));
#2658=CARTESIAN_POINT('Origin',(-4.675,-0.275,0.165));
#2659=CARTESIAN_POINT('Origin',(-4.675,-0.275,0.));
#2660=CARTESIAN_POINT('',(-4.725,-0.275,0.28));
#2661=CARTESIAN_POINT('Origin',(-4.675,-0.275,0.28));
#2662=CARTESIAN_POINT('',(-4.725,-0.275,0.));
#2663=CARTESIAN_POINT('Origin',(-4.675,-0.275,0.28));
#2664=CARTESIAN_POINT('Origin',(0.,-2.22044604925031E-16,0.165));
#2665=CARTESIAN_POINT('',(-4.725,-0.775,0.165));
#2666=CARTESIAN_POINT('Origin',(-4.675,-0.775,0.165));
#2667=CARTESIAN_POINT('Origin',(-4.675,-0.775,0.));
#2668=CARTESIAN_POINT('',(-4.725,-0.775,0.28));
#2669=CARTESIAN_POINT('Origin',(-4.675,-0.775,0.28));
#2670=CARTESIAN_POINT('',(-4.725,-0.775,0.));
#2671=CARTESIAN_POINT('Origin',(-4.675,-0.775,0.28));
#2672=CARTESIAN_POINT('Origin',(0.,-2.22044604925031E-16,0.165));
#2673=CARTESIAN_POINT('',(-4.725,-1.275,0.165));
#2674=CARTESIAN_POINT('Origin',(-4.675,-1.275,0.165));
#2675=CARTESIAN_POINT('Origin',(-4.675,-1.275,0.));
#2676=CARTESIAN_POINT('',(-4.725,-1.275,0.28));
#2677=CARTESIAN_POINT('Origin',(-4.675,-1.275,0.28));
#2678=CARTESIAN_POINT('',(-4.725,-1.275,0.));
#2679=CARTESIAN_POINT('Origin',(-4.675,-1.275,0.28));
#2680=CARTESIAN_POINT('Origin',(-4.675,-1.275,0.));
#2681=CARTESIAN_POINT('',(-4.725,-1.275,-0.225));
#2682=CARTESIAN_POINT('Origin',(-4.675,-1.275,-0.225));
#2683=CARTESIAN_POINT('',(-4.725,-1.275,-0.825));
#2684=CARTESIAN_POINT('',(-4.725,-1.275,0.));
#2685=CARTESIAN_POINT('Origin',(-4.675,-1.275,-0.825));
#2686=CARTESIAN_POINT('Origin',(-4.675,-1.275,-0.825));
#2687=CARTESIAN_POINT('Origin',(-4.675,0.05,-0.225));
#2688=CARTESIAN_POINT('Origin',(0.,-2.22044604925031E-16,0.165));
#2689=CARTESIAN_POINT('',(-4.725,-1.525,0.165));
#2690=CARTESIAN_POINT('Origin',(-4.675,-1.525,0.165));
#2691=CARTESIAN_POINT('Origin',(-4.675,-1.525,0.));
#2692=CARTESIAN_POINT('',(-4.725,-1.525,0.28));
#2693=CARTESIAN_POINT('Origin',(-4.675,-1.525,0.28));
#2694=CARTESIAN_POINT('',(-4.725,-1.525,0.));
#2695=CARTESIAN_POINT('Origin',(-4.675,-1.525,0.28));
#2696=CARTESIAN_POINT('Origin',(-4.675,-1.525,0.));
#2697=CARTESIAN_POINT('',(-4.725,-1.525,-0.225));
#2698=CARTESIAN_POINT('Origin',(-4.675,-1.525,-0.225));
#2699=CARTESIAN_POINT('',(-4.725,-1.525,-0.825));
#2700=CARTESIAN_POINT('',(-4.725,-1.525,0.));
#2701=CARTESIAN_POINT('Origin',(-4.675,-1.525,-0.825));
#2702=CARTESIAN_POINT('Origin',(-4.675,-1.525,-0.825));
#2703=CARTESIAN_POINT('Origin',(-4.675,0.05,-0.225));
#2704=CARTESIAN_POINT('Origin',(-4.675,-1.025,0.));
#2705=CARTESIAN_POINT('',(-4.725,-1.025,-0.225));
#2706=CARTESIAN_POINT('Origin',(-4.675,-1.025,-0.225));
#2707=CARTESIAN_POINT('',(-4.725,-1.025,-0.825));
#2708=CARTESIAN_POINT('',(-4.725,-1.025,0.));
#2709=CARTESIAN_POINT('Origin',(-4.675,-1.025,-0.825));
#2710=CARTESIAN_POINT('Origin',(-4.675,-1.025,-0.825));
#2711=CARTESIAN_POINT('Origin',(-4.675,0.05,-0.225));
#2712=CARTESIAN_POINT('Origin',(0.,-2.22044604925031E-16,0.165));
#2713=CARTESIAN_POINT('',(-4.725,-1.025,0.165));
#2714=CARTESIAN_POINT('Origin',(-4.675,-1.025,0.165));
#2715=CARTESIAN_POINT('Origin',(-4.675,-1.025,0.));
#2716=CARTESIAN_POINT('',(-4.725,-1.025,0.28));
#2717=CARTESIAN_POINT('Origin',(-4.675,-1.025,0.28));
#2718=CARTESIAN_POINT('',(-4.725,-1.025,0.));
#2719=CARTESIAN_POINT('Origin',(-4.675,-1.025,0.28));
#2720=CARTESIAN_POINT('Origin',(0.,-2.22044604925031E-16,0.165));
#2721=CARTESIAN_POINT('',(-4.725,-0.525,0.165));
#2722=CARTESIAN_POINT('Origin',(-4.675,-0.525,0.165));
#2723=CARTESIAN_POINT('Origin',(-4.675,-0.525,0.));
#2724=CARTESIAN_POINT('',(-4.725,-0.525,0.28));
#2725=CARTESIAN_POINT('Origin',(-4.675,-0.525,0.28));
#2726=CARTESIAN_POINT('',(-4.725,-0.525,0.));
#2727=CARTESIAN_POINT('Origin',(-4.675,-0.525,0.28));
#2728=CARTESIAN_POINT('Origin',(0.,-2.22044604925031E-16,0.165));
#2729=CARTESIAN_POINT('',(-4.725,-0.0249999999999999,0.165));
#2730=CARTESIAN_POINT('Origin',(-4.675,-0.0249999999999999,0.165));
#2731=CARTESIAN_POINT('Origin',(-4.675,-0.0249999999999999,0.));
#2732=CARTESIAN_POINT('',(-4.725,-0.0249999999999999,0.28));
#2733=CARTESIAN_POINT('Origin',(-4.675,-0.0249999999999999,0.28));
#2734=CARTESIAN_POINT('',(-4.725,-0.0249999999999999,0.));
#2735=CARTESIAN_POINT('Origin',(-4.675,-0.0249999999999999,0.28));
#2736=CARTESIAN_POINT('Origin',(-4.675,0.475,0.28));
#2737=CARTESIAN_POINT('',(-4.725,0.475,0.28));
#2738=CARTESIAN_POINT('Origin',(-4.675,0.475,0.28));
#2739=CARTESIAN_POINT('Origin',(-4.675,0.475,0.));
#2740=CARTESIAN_POINT('',(-4.725,0.475,0.165));
#2741=CARTESIAN_POINT('',(-4.725,0.475,0.));
#2742=CARTESIAN_POINT('Origin',(-4.675,0.475,0.165));
#2743=CARTESIAN_POINT('Origin',(0.,-2.22044604925031E-16,0.165));
#2744=CARTESIAN_POINT('Origin',(-4.675,0.975,0.28));
#2745=CARTESIAN_POINT('',(-4.725,0.975,0.28));
#2746=CARTESIAN_POINT('Origin',(-4.675,0.975,0.28));
#2747=CARTESIAN_POINT('Origin',(-4.675,0.975,0.));
#2748=CARTESIAN_POINT('',(-4.725,0.975,0.165));
#2749=CARTESIAN_POINT('',(-4.725,0.975,0.));
#2750=CARTESIAN_POINT('Origin',(-4.675,0.975,0.165));
#2751=CARTESIAN_POINT('Origin',(0.,-2.22044604925031E-16,0.165));
#2752=CARTESIAN_POINT('Origin',(-4.675,1.475,0.28));
#2753=CARTESIAN_POINT('',(-4.725,1.475,0.28));
#2754=CARTESIAN_POINT('Origin',(-4.675,1.475,0.28));
#2755=CARTESIAN_POINT('Origin',(-4.675,1.475,0.));
#2756=CARTESIAN_POINT('',(-4.725,1.475,0.165));
#2757=CARTESIAN_POINT('',(-4.725,1.475,0.));
#2758=CARTESIAN_POINT('Origin',(-4.675,1.475,0.165));
#2759=CARTESIAN_POINT('Origin',(0.,-2.22044604925031E-16,0.165));
#2760=CARTESIAN_POINT('Origin',(-4.675,0.05,-0.225));
#2761=CARTESIAN_POINT('',(-4.725,1.725,-0.225));
#2762=CARTESIAN_POINT('Origin',(-4.675,1.725,-0.225));
#2763=CARTESIAN_POINT('Origin',(-4.675,1.725,-0.825));
#2764=CARTESIAN_POINT('',(-4.725,1.725,-0.825));
#2765=CARTESIAN_POINT('Origin',(-4.675,1.725,-0.825));
#2766=CARTESIAN_POINT('Origin',(-4.675,1.725,0.));
#2767=CARTESIAN_POINT('',(-4.725,1.725,0.));
#2768=CARTESIAN_POINT('Origin',(-4.675,0.05,-0.225));
#2769=CARTESIAN_POINT('',(-4.725,1.225,-0.225));
#2770=CARTESIAN_POINT('Origin',(-4.675,1.225,-0.225));
#2771=CARTESIAN_POINT('Origin',(-4.675,1.225,-0.825));
#2772=CARTESIAN_POINT('',(-4.725,1.225,-0.825));
#2773=CARTESIAN_POINT('Origin',(-4.675,1.225,-0.825));
#2774=CARTESIAN_POINT('Origin',(-4.675,1.225,0.));
#2775=CARTESIAN_POINT('',(-4.725,1.225,0.));
#2776=CARTESIAN_POINT('Origin',(-4.675,0.05,-0.225));
#2777=CARTESIAN_POINT('',(-4.725,0.725,-0.225));
#2778=CARTESIAN_POINT('Origin',(-4.675,0.725,-0.225));
#2779=CARTESIAN_POINT('Origin',(-4.675,0.725,-0.825));
#2780=CARTESIAN_POINT('',(-4.725,0.725,-0.825));
#2781=CARTESIAN_POINT('Origin',(-4.675,0.725,-0.825));
#2782=CARTESIAN_POINT('Origin',(-4.675,0.725,0.));
#2783=CARTESIAN_POINT('',(-4.725,0.725,0.));
#2784=CARTESIAN_POINT('Origin',(-4.675,0.05,-0.225));
#2785=CARTESIAN_POINT('',(-4.725,0.225,-0.225));
#2786=CARTESIAN_POINT('Origin',(-4.675,0.225,-0.225));
#2787=CARTESIAN_POINT('Origin',(-4.675,0.225,-0.825));
#2788=CARTESIAN_POINT('',(-4.725,0.225,-0.825));
#2789=CARTESIAN_POINT('Origin',(-4.675,0.225,-0.825));
#2790=CARTESIAN_POINT('Origin',(-4.675,0.225,0.));
#2791=CARTESIAN_POINT('',(-4.725,0.225,0.));
#2792=CARTESIAN_POINT('Origin',(-4.675,-0.275,0.));
#2793=CARTESIAN_POINT('',(-4.725,-0.275,-0.225));
#2794=CARTESIAN_POINT('Origin',(-4.675,-0.275,-0.225));
#2795=CARTESIAN_POINT('',(-4.725,-0.275,-0.825));
#2796=CARTESIAN_POINT('',(-4.725,-0.275,0.));
#2797=CARTESIAN_POINT('Origin',(-4.675,-0.275,-0.825));
#2798=CARTESIAN_POINT('Origin',(-4.675,-0.275,-0.825));
#2799=CARTESIAN_POINT('Origin',(-4.675,0.05,-0.225));
#2800=CARTESIAN_POINT('Origin',(-4.675,-0.775,0.));
#2801=CARTESIAN_POINT('',(-4.725,-0.775,-0.225));
#2802=CARTESIAN_POINT('Origin',(-4.675,-0.775,-0.225));
#2803=CARTESIAN_POINT('',(-4.725,-0.775,-0.825));
#2804=CARTESIAN_POINT('',(-4.725,-0.775,0.));
#2805=CARTESIAN_POINT('Origin',(-4.675,-0.775,-0.825));
#2806=CARTESIAN_POINT('Origin',(-4.675,-0.775,-0.825));
#2807=CARTESIAN_POINT('Origin',(-4.675,0.05,-0.225));
#2808=CARTESIAN_POINT('Origin',(4.675,0.5,0.));
#2809=CARTESIAN_POINT('',(4.625,0.5,-0.225));
#2810=CARTESIAN_POINT('Origin',(4.675,0.5,-0.225));
#2811=CARTESIAN_POINT('',(4.625,0.5,0.));
#2812=CARTESIAN_POINT('',(4.625,0.5,0.));
#2813=CARTESIAN_POINT('Origin',(4.675,0.5,0.));
#2814=CARTESIAN_POINT('Origin',(4.675,-0.1,0.));
#2815=CARTESIAN_POINT('',(4.625,-0.1,-0.225));
#2816=CARTESIAN_POINT('Origin',(4.675,-0.1,-0.225));
#2817=CARTESIAN_POINT('',(4.625,-0.1,0.));
#2818=CARTESIAN_POINT('',(4.625,-0.1,0.));
#2819=CARTESIAN_POINT('Origin',(4.675,-0.1,0.));
#2820=CARTESIAN_POINT('Origin',(4.675,0.2,0.));
#2821=CARTESIAN_POINT('',(4.625,0.2,-0.225));
#2822=CARTESIAN_POINT('Origin',(4.675,0.2,-0.225));
#2823=CARTESIAN_POINT('',(4.625,0.2,0.));
#2824=CARTESIAN_POINT('',(4.625,0.2,0.));
#2825=CARTESIAN_POINT('Origin',(4.675,0.2,0.));
#2826=CARTESIAN_POINT('Origin',(4.675,-0.4,0.));
#2827=CARTESIAN_POINT('',(4.625,-0.4,-0.225));
#2828=CARTESIAN_POINT('Origin',(4.675,-0.4,-0.225));
#2829=CARTESIAN_POINT('',(4.625,-0.4,0.));
#2830=CARTESIAN_POINT('',(4.625,-0.4,0.));
#2831=CARTESIAN_POINT('Origin',(4.675,-0.4,0.));
#2832=CARTESIAN_POINT('Origin',(4.8,-0.6,0.));
#2833=CARTESIAN_POINT('',(4.55,-0.6,0.));
#2834=CARTESIAN_POINT('',(4.8,-0.6,0.));
#2835=CARTESIAN_POINT('',(4.55,-0.6,0.));
#2836=CARTESIAN_POINT('',(4.55,-0.6,-0.225));
#2837=CARTESIAN_POINT('',(4.55,-0.6,0.));
#2838=CARTESIAN_POINT('',(4.8,-0.6,-0.225));
#2839=CARTESIAN_POINT('',(4.55,-0.6,-0.225));
#2840=CARTESIAN_POINT('',(4.8,-0.6,0.));
#2841=CARTESIAN_POINT('Origin',(4.8,0.7,0.));
#2842=CARTESIAN_POINT('',(4.8,0.7,0.));
#2843=CARTESIAN_POINT('',(4.8,-1.725,0.));
#2844=CARTESIAN_POINT('',(4.8,0.7,-0.225));
#2845=CARTESIAN_POINT('',(4.8,-1.725,-0.225));
#2846=CARTESIAN_POINT('',(4.8,0.7,0.));
#2847=CARTESIAN_POINT('Origin',(4.55,0.7,0.));
#2848=CARTESIAN_POINT('',(4.55,0.7,0.));
#2849=CARTESIAN_POINT('',(4.55,0.7,0.));
#2850=CARTESIAN_POINT('',(4.55,0.7,-0.225));
#2851=CARTESIAN_POINT('',(4.55,0.7,-0.225));
#2852=CARTESIAN_POINT('',(4.55,0.7,0.));
#2853=CARTESIAN_POINT('Origin',(4.55,-0.6,0.));
#2854=CARTESIAN_POINT('',(4.55,1.825,0.));
#2855=CARTESIAN_POINT('',(4.55,1.825,-0.225));
#2856=CARTESIAN_POINT('Origin',(4.675,0.05,-0.225));
#2857=CARTESIAN_POINT('Origin',(4.675,0.05,0.));
#2858=CARTESIAN_POINT('Origin',(4.675,0.2,0.28));
#2859=CARTESIAN_POINT('',(4.625,0.2,0.28));
#2860=CARTESIAN_POINT('Origin',(4.675,0.2,0.28));
#2861=CARTESIAN_POINT('Origin',(4.675,0.2,0.));
#2862=CARTESIAN_POINT('',(4.625,0.2,-0.825));
#2863=CARTESIAN_POINT('Origin',(4.675,0.2,-0.825));
#2864=CARTESIAN_POINT('',(4.625,0.2,0.));
#2865=CARTESIAN_POINT('Origin',(4.675,0.2,-0.825));
#2866=CARTESIAN_POINT('Origin',(4.675,-0.1,0.28));
#2867=CARTESIAN_POINT('',(4.625,-0.1,0.28));
#2868=CARTESIAN_POINT('Origin',(4.675,-0.1,0.28));
#2869=CARTESIAN_POINT('Origin',(4.675,-0.1,0.));
#2870=CARTESIAN_POINT('',(4.625,-0.1,-0.825));
#2871=CARTESIAN_POINT('Origin',(4.675,-0.1,-0.825));
#2872=CARTESIAN_POINT('',(4.625,-0.1,0.));
#2873=CARTESIAN_POINT('Origin',(4.675,-0.1,-0.825));
#2874=CARTESIAN_POINT('Origin',(4.675,0.5,0.28));
#2875=CARTESIAN_POINT('',(4.625,0.5,0.28));
#2876=CARTESIAN_POINT('Origin',(4.675,0.5,0.28));
#2877=CARTESIAN_POINT('Origin',(4.675,0.5,0.));
#2878=CARTESIAN_POINT('',(4.625,0.5,-0.825));
#2879=CARTESIAN_POINT('Origin',(4.675,0.5,-0.825));
#2880=CARTESIAN_POINT('',(4.625,0.5,0.));
#2881=CARTESIAN_POINT('Origin',(4.675,0.5,-0.825));
#2882=CARTESIAN_POINT('Origin',(4.675,-0.4,0.28));
#2883=CARTESIAN_POINT('',(4.625,-0.4,0.28));
#2884=CARTESIAN_POINT('Origin',(4.675,-0.4,0.28));
#2885=CARTESIAN_POINT('Origin',(4.675,-0.4,0.));
#2886=CARTESIAN_POINT('',(4.625,-0.4,-0.825));
#2887=CARTESIAN_POINT('Origin',(4.675,-0.4,-0.825));
#2888=CARTESIAN_POINT('',(4.625,-0.4,0.));
#2889=CARTESIAN_POINT('Origin',(4.675,-0.4,-0.825));
#2890=UNCERTAINTY_MEASURE_WITH_UNIT(LENGTH_MEASURE(0.001),#2894,
'DISTANCE_ACCURACY_VALUE',
'Maximum model space distance between geometric entities at asserted c
onnectivities');
#2891=UNCERTAINTY_MEASURE_WITH_UNIT(LENGTH_MEASURE(0.001),#2894,
'DISTANCE_ACCURACY_VALUE',
'Maximum model space distance between geometric entities at asserted c
onnectivities');
#2892=(
GEOMETRIC_REPRESENTATION_CONTEXT(3)
GLOBAL_UNCERTAINTY_ASSIGNED_CONTEXT((#2890))
GLOBAL_UNIT_ASSIGNED_CONTEXT((#2894,#2896,#2897))
REPRESENTATION_CONTEXT('','3D')
);
#2893=(
GEOMETRIC_REPRESENTATION_CONTEXT(3)
GLOBAL_UNCERTAINTY_ASSIGNED_CONTEXT((#2891))
GLOBAL_UNIT_ASSIGNED_CONTEXT((#2894,#2896,#2897))
REPRESENTATION_CONTEXT('','3D')
);
#2894=(
LENGTH_UNIT()
NAMED_UNIT(*)
SI_UNIT(.CENTI.,.METRE.)
);
#2895=(
LENGTH_UNIT()
NAMED_UNIT(*)
SI_UNIT($,.METRE.)
);
#2896=(
NAMED_UNIT(*)
PLANE_ANGLE_UNIT()
SI_UNIT($,.RADIAN.)
);
#2897=(
NAMED_UNIT(*)
SI_UNIT($,.STERADIAN.)
SOLID_ANGLE_UNIT()
);
#2898=SHAPE_DEFINITION_REPRESENTATION(#2899,#2900);
#2899=PRODUCT_DEFINITION_SHAPE('',$,#2902);
#2900=SHAPE_REPRESENTATION('',(#1686),#2892);
#2901=PRODUCT_DEFINITION_CONTEXT('part definition',#2906,'design');
#2902=PRODUCT_DEFINITION('3.5" TFI SPI 480*320 V1',
'3.5" TFI SPI 480*320 V1 v5',#2903,#2901);
#2903=PRODUCT_DEFINITION_FORMATION('',$,#2908);
#2904=PRODUCT_RELATED_PRODUCT_CATEGORY('3.5" TFI SPI 480*320 V1 v5',
'3.5" TFI SPI 480*320 V1 v5',(#2908));
#2905=APPLICATION_PROTOCOL_DEFINITION('international standard',
'automotive_design',2009,#2906);
#2906=APPLICATION_CONTEXT(
'Core Data for Automotive Mechanical Design Process');
#2907=PRODUCT_CONTEXT('part definition',#2906,'mechanical');
#2908=PRODUCT('3.5" TFI SPI 480*320 V1','3.5" TFI SPI 480*320 V1 v5',$,
(#2907));
#2909=PRESENTATION_STYLE_ASSIGNMENT((#2913));
#2910=PRESENTATION_STYLE_ASSIGNMENT((#2914));
#2911=PRESENTATION_STYLE_ASSIGNMENT((#2915));
#2912=PRESENTATION_STYLE_ASSIGNMENT((#2916));
#2913=SURFACE_STYLE_USAGE(.BOTH.,#2917);
#2914=SURFACE_STYLE_USAGE(.BOTH.,#2918);
#2915=SURFACE_STYLE_USAGE(.BOTH.,#2919);
#2916=SURFACE_STYLE_USAGE(.BOTH.,#2920);
#2917=SURFACE_SIDE_STYLE('',(#2921));
#2918=SURFACE_SIDE_STYLE('',(#2922));
#2919=SURFACE_SIDE_STYLE('',(#2923));
#2920=SURFACE_SIDE_STYLE('',(#2924));
#2921=SURFACE_STYLE_FILL_AREA(#2925);
#2922=SURFACE_STYLE_FILL_AREA(#2926);
#2923=SURFACE_STYLE_FILL_AREA(#2927);
#2924=SURFACE_STYLE_FILL_AREA(#2928);
#2925=FILL_AREA_STYLE('Steel - Satin',(#2929));
#2926=FILL_AREA_STYLE('Paint - Enamel Glossy (Green)',(#2930));
#2927=FILL_AREA_STYLE('Silver - Satin',(#2931));
#2928=FILL_AREA_STYLE('Plastic - Glossy (Black)',(#2932));
#2929=FILL_AREA_STYLE_COLOUR('Steel - Satin',#2933);
#2930=FILL_AREA_STYLE_COLOUR('Paint - Enamel Glossy (Green)',#2934);
#2931=FILL_AREA_STYLE_COLOUR('Silver - Satin',#2935);
#2932=FILL_AREA_STYLE_COLOUR('Plastic - Glossy (Black)',#2936);
#2933=COLOUR_RGB('Steel - Satin',0.627450980392157,0.627450980392157,0.627450980392157);
#2934=COLOUR_RGB('Paint - Enamel Glossy (Green)',0.266666666666667,0.588235294117647,
0.282352941176471);
#2935=COLOUR_RGB('Silver - Satin',0.984313725490196,0.980392156862745,0.96078431372549);
#2936=COLOUR_RGB('Plastic - Glossy (Black)',0.0980392156862745,0.0980392156862745,
0.0980392156862745);
ENDSEC;
END-ISO-10303-21;
