ISO-10303-21;
HEADER;
/* Generated by software containing ST-Developer
 * from STEP Tools, Inc. (www.steptools.com) 
 */

FILE_DESCRIPTION(
/* description */ (''),
/* implementation_level */ '2;1');

FILE_NAME(
/* name */ 'PI4ULS5V202UEX.step',
/* time_stamp */ '2023-08-12T12:18:31-04:00',
/* author */ (''),
/* organization */ (''),
/* preprocessor_version */ 'ST-DEVELOPER v20',
/* originating_system */ 'Autodesk Translation Framework v12.9.0.99',
/* authorisation */ '');

FILE_SCHEMA (('AUTOMOTIVE_DESIGN { 1 0 10303 214 3 1 1 }'));
ENDSEC;

DATA;
#10=MECHANICAL_DESIGN_GEOMETRIC_PRESENTATION_REPRESENTATION('',(#1223,#1224,
#1225,#1226,#1227,#1228,#1229,#1230,#1231,#1232,#1233,#1234,#1235,#1236,
#1237,#1238,#1239,#1240,#1241,#1242,#1243,#1244,#1245,#1246,#1247,#1248,
#1249,#1250,#1251,#1252,#1253,#1254,#1255,#1256,#1257,#1258,#1259,#1260,
#1261,#1262),#2223);
#11=SHAPE_REPRESENTATION_RELATIONSHIP('SRR','None',#2230,#12);
#12=ADVANCED_BREP_SHAPE_REPRESENTATION('',(#13),#2222);
#13=MANIFOLD_SOLID_BREP('Body1',#1338);
#14=SPHERICAL_SURFACE('',#1391,0.25);
#15=SPHERICAL_SURFACE('',#1395,0.25);
#16=SPHERICAL_SURFACE('',#1399,0.25);
#17=SPHERICAL_SURFACE('',#1403,0.25);
#18=SPHERICAL_SURFACE('',#1407,0.25);
#19=SPHERICAL_SURFACE('',#1410,0.25);
#20=SPHERICAL_SURFACE('',#1415,0.25);
#21=SPHERICAL_SURFACE('',#1419,0.25);
#22=FACE_BOUND('',#162,.T.);
#23=PLANE('',#1367);
#24=PLANE('',#1380);
#25=PLANE('',#1382);
#26=PLANE('',#1384);
#27=PLANE('',#1386);
#28=PLANE('',#1387);
#29=PLANE('',#1388);
#30=PLANE('',#1389);
#31=PLANE('',#1432);
#32=PLANE('',#1433);
#33=PLANE('',#1434);
#34=PLANE('',#1435);
#35=PLANE('',#1436);
#36=PLANE('',#1437);
#37=PLANE('',#1438);
#38=PLANE('',#1439);
#39=PLANE('',#1440);
#40=PLANE('',#1441);
#41=PLANE('',#1442);
#42=PLANE('',#1443);
#43=PLANE('',#1444);
#44=PLANE('',#1445);
#45=PLANE('',#1446);
#46=PLANE('',#1447);
#47=PLANE('',#1448);
#48=PLANE('',#1449);
#49=PLANE('',#1450);
#50=PLANE('',#1451);
#51=PLANE('',#1452);
#52=PLANE('',#1453);
#53=PLANE('',#1454);
#54=PLANE('',#1455);
#55=PLANE('',#1456);
#56=PLANE('',#1457);
#57=PLANE('',#1458);
#58=PLANE('',#1459);
#59=PLANE('',#1460);
#60=PLANE('',#1461);
#61=PLANE('',#1462);
#62=PLANE('',#1463);
#63=PLANE('',#1464);
#64=PLANE('',#1465);
#65=PLANE('',#1466);
#66=PLANE('',#1467);
#67=PLANE('',#1468);
#68=PLANE('',#1469);
#69=PLANE('',#1470);
#70=FACE_OUTER_BOUND('',#145,.T.);
#71=FACE_OUTER_BOUND('',#146,.T.);
#72=FACE_OUTER_BOUND('',#147,.T.);
#73=FACE_OUTER_BOUND('',#148,.T.);
#74=FACE_OUTER_BOUND('',#149,.T.);
#75=FACE_OUTER_BOUND('',#150,.T.);
#76=FACE_OUTER_BOUND('',#151,.T.);
#77=FACE_OUTER_BOUND('',#152,.T.);
#78=FACE_OUTER_BOUND('',#153,.T.);
#79=FACE_OUTER_BOUND('',#154,.T.);
#80=FACE_OUTER_BOUND('',#155,.T.);
#81=FACE_OUTER_BOUND('',#156,.T.);
#82=FACE_OUTER_BOUND('',#157,.T.);
#83=FACE_OUTER_BOUND('',#158,.T.);
#84=FACE_OUTER_BOUND('',#159,.T.);
#85=FACE_OUTER_BOUND('',#160,.T.);
#86=FACE_OUTER_BOUND('',#161,.T.);
#87=FACE_OUTER_BOUND('',#163,.T.);
#88=FACE_OUTER_BOUND('',#164,.T.);
#89=FACE_OUTER_BOUND('',#165,.T.);
#90=FACE_OUTER_BOUND('',#166,.T.);
#91=FACE_OUTER_BOUND('',#167,.T.);
#92=FACE_OUTER_BOUND('',#168,.T.);
#93=FACE_OUTER_BOUND('',#169,.T.);
#94=FACE_OUTER_BOUND('',#170,.T.);
#95=FACE_OUTER_BOUND('',#171,.T.);
#96=FACE_OUTER_BOUND('',#172,.T.);
#97=FACE_OUTER_BOUND('',#173,.T.);
#98=FACE_OUTER_BOUND('',#174,.T.);
#99=FACE_OUTER_BOUND('',#175,.T.);
#100=FACE_OUTER_BOUND('',#176,.T.);
#101=FACE_OUTER_BOUND('',#177,.T.);
#102=FACE_OUTER_BOUND('',#178,.T.);
#103=FACE_OUTER_BOUND('',#179,.T.);
#104=FACE_OUTER_BOUND('',#180,.T.);
#105=FACE_OUTER_BOUND('',#181,.T.);
#106=FACE_OUTER_BOUND('',#182,.T.);
#107=FACE_OUTER_BOUND('',#183,.T.);
#108=FACE_OUTER_BOUND('',#184,.T.);
#109=FACE_OUTER_BOUND('',#185,.T.);
#110=FACE_OUTER_BOUND('',#186,.T.);
#111=FACE_OUTER_BOUND('',#187,.T.);
#112=FACE_OUTER_BOUND('',#188,.T.);
#113=FACE_OUTER_BOUND('',#189,.T.);
#114=FACE_OUTER_BOUND('',#190,.T.);
#115=FACE_OUTER_BOUND('',#191,.T.);
#116=FACE_OUTER_BOUND('',#192,.T.);
#117=FACE_OUTER_BOUND('',#193,.T.);
#118=FACE_OUTER_BOUND('',#194,.T.);
#119=FACE_OUTER_BOUND('',#195,.T.);
#120=FACE_OUTER_BOUND('',#196,.T.);
#121=FACE_OUTER_BOUND('',#197,.T.);
#122=FACE_OUTER_BOUND('',#198,.T.);
#123=FACE_OUTER_BOUND('',#199,.T.);
#124=FACE_OUTER_BOUND('',#200,.T.);
#125=FACE_OUTER_BOUND('',#201,.T.);
#126=FACE_OUTER_BOUND('',#202,.T.);
#127=FACE_OUTER_BOUND('',#203,.T.);
#128=FACE_OUTER_BOUND('',#204,.T.);
#129=FACE_OUTER_BOUND('',#205,.T.);
#130=FACE_OUTER_BOUND('',#206,.T.);
#131=FACE_OUTER_BOUND('',#207,.T.);
#132=FACE_OUTER_BOUND('',#208,.T.);
#133=FACE_OUTER_BOUND('',#209,.T.);
#134=FACE_OUTER_BOUND('',#210,.T.);
#135=FACE_OUTER_BOUND('',#211,.T.);
#136=FACE_OUTER_BOUND('',#212,.T.);
#137=FACE_OUTER_BOUND('',#213,.T.);
#138=FACE_OUTER_BOUND('',#214,.T.);
#139=FACE_OUTER_BOUND('',#215,.T.);
#140=FACE_OUTER_BOUND('',#216,.T.);
#141=FACE_OUTER_BOUND('',#217,.T.);
#142=FACE_OUTER_BOUND('',#218,.T.);
#143=FACE_OUTER_BOUND('',#219,.T.);
#144=FACE_OUTER_BOUND('',#220,.T.);
#145=EDGE_LOOP('',(#837,#838,#839,#840));
#146=EDGE_LOOP('',(#841,#842,#843,#844));
#147=EDGE_LOOP('',(#845,#846,#847,#848));
#148=EDGE_LOOP('',(#849,#850,#851,#852));
#149=EDGE_LOOP('',(#853,#854,#855,#856));
#150=EDGE_LOOP('',(#857,#858,#859,#860,#861,#862,#863,#864,#865,#866,#867,
#868,#869,#870,#871,#872,#873,#874,#875,#876));
#151=EDGE_LOOP('',(#877,#878,#879,#880));
#152=EDGE_LOOP('',(#881,#882,#883,#884));
#153=EDGE_LOOP('',(#885,#886,#887,#888));
#154=EDGE_LOOP('',(#889,#890,#891,#892));
#155=EDGE_LOOP('',(#893,#894,#895,#896,#897,#898));
#156=EDGE_LOOP('',(#899,#900,#901,#902));
#157=EDGE_LOOP('',(#903,#904,#905,#906));
#158=EDGE_LOOP('',(#907,#908,#909,#910));
#159=EDGE_LOOP('',(#911,#912,#913,#914));
#160=EDGE_LOOP('',(#915,#916,#917,#918));
#161=EDGE_LOOP('',(#919,#920,#921,#922));
#162=EDGE_LOOP('',(#923));
#163=EDGE_LOOP('',(#924,#925,#926));
#164=EDGE_LOOP('',(#927,#928,#929));
#165=EDGE_LOOP('',(#930,#931,#932,#933));
#166=EDGE_LOOP('',(#934,#935,#936));
#167=EDGE_LOOP('',(#937,#938,#939));
#168=EDGE_LOOP('',(#940,#941,#942));
#169=EDGE_LOOP('',(#943,#944,#945));
#170=EDGE_LOOP('',(#946,#947,#948,#949));
#171=EDGE_LOOP('',(#950,#951,#952,#953));
#172=EDGE_LOOP('',(#954,#955,#956));
#173=EDGE_LOOP('',(#957,#958,#959));
#174=EDGE_LOOP('',(#960,#961,#962,#963));
#175=EDGE_LOOP('',(#964,#965,#966,#967));
#176=EDGE_LOOP('',(#968,#969,#970,#971));
#177=EDGE_LOOP('',(#972,#973,#974,#975));
#178=EDGE_LOOP('',(#976,#977,#978,#979));
#179=EDGE_LOOP('',(#980,#981,#982,#983));
#180=EDGE_LOOP('',(#984,#985,#986,#987));
#181=EDGE_LOOP('',(#988,#989,#990,#991));
#182=EDGE_LOOP('',(#992,#993,#994,#995,#996,#997,#998,#999,#1000,#1001,
#1002,#1003,#1004,#1005,#1006,#1007,#1008,#1009,#1010,#1011));
#183=EDGE_LOOP('',(#1012,#1013,#1014,#1015));
#184=EDGE_LOOP('',(#1016,#1017,#1018,#1019));
#185=EDGE_LOOP('',(#1020));
#186=EDGE_LOOP('',(#1021,#1022,#1023,#1024));
#187=EDGE_LOOP('',(#1025,#1026,#1027,#1028));
#188=EDGE_LOOP('',(#1029,#1030,#1031,#1032,#1033));
#189=EDGE_LOOP('',(#1034,#1035,#1036,#1037,#1038));
#190=EDGE_LOOP('',(#1039,#1040,#1041,#1042,#1043));
#191=EDGE_LOOP('',(#1044,#1045,#1046,#1047));
#192=EDGE_LOOP('',(#1048,#1049,#1050,#1051));
#193=EDGE_LOOP('',(#1052,#1053,#1054,#1055,#1056));
#194=EDGE_LOOP('',(#1057,#1058,#1059,#1060));
#195=EDGE_LOOP('',(#1061,#1062,#1063,#1064));
#196=EDGE_LOOP('',(#1065,#1066,#1067,#1068,#1069));
#197=EDGE_LOOP('',(#1070,#1071,#1072,#1073,#1074));
#198=EDGE_LOOP('',(#1075,#1076,#1077,#1078));
#199=EDGE_LOOP('',(#1079,#1080,#1081,#1082));
#200=EDGE_LOOP('',(#1083,#1084,#1085,#1086,#1087,#1088,#1089,#1090,#1091,
#1092,#1093,#1094,#1095,#1096,#1097,#1098,#1099,#1100,#1101,#1102,#1103,
#1104));
#201=EDGE_LOOP('',(#1105,#1106,#1107,#1108,#1109));
#202=EDGE_LOOP('',(#1110,#1111,#1112,#1113,#1114));
#203=EDGE_LOOP('',(#1115,#1116,#1117,#1118));
#204=EDGE_LOOP('',(#1119,#1120,#1121,#1122));
#205=EDGE_LOOP('',(#1123,#1124,#1125,#1126,#1127));
#206=EDGE_LOOP('',(#1128,#1129,#1130,#1131,#1132));
#207=EDGE_LOOP('',(#1133,#1134,#1135,#1136));
#208=EDGE_LOOP('',(#1137,#1138,#1139,#1140));
#209=EDGE_LOOP('',(#1141,#1142,#1143,#1144,#1145,#1146,#1147,#1148));
#210=EDGE_LOOP('',(#1149,#1150,#1151,#1152,#1153));
#211=EDGE_LOOP('',(#1154,#1155,#1156,#1157,#1158));
#212=EDGE_LOOP('',(#1159,#1160,#1161,#1162));
#213=EDGE_LOOP('',(#1163,#1164,#1165,#1166));
#214=EDGE_LOOP('',(#1167,#1168,#1169,#1170,#1171));
#215=EDGE_LOOP('',(#1172,#1173,#1174,#1175,#1176));
#216=EDGE_LOOP('',(#1177,#1178,#1179,#1180));
#217=EDGE_LOOP('',(#1181,#1182,#1183,#1184));
#218=EDGE_LOOP('',(#1185,#1186,#1187,#1188,#1189,#1190,#1191,#1192));
#219=EDGE_LOOP('',(#1193,#1194,#1195,#1196,#1197));
#220=EDGE_LOOP('',(#1198,#1199,#1200,#1201,#1202));
#221=LINE('',#1856,#360);
#222=LINE('',#1859,#361);
#223=LINE('',#1865,#362);
#224=LINE('',#1868,#363);
#225=LINE('',#1874,#364);
#226=LINE('',#1877,#365);
#227=LINE('',#1883,#366);
#228=LINE('',#1886,#367);
#229=LINE('',#1892,#368);
#230=LINE('',#1895,#369);
#231=LINE('',#1899,#370);
#232=LINE('',#1901,#371);
#233=LINE('',#1903,#372);
#234=LINE('',#1905,#373);
#235=LINE('',#1907,#374);
#236=LINE('',#1909,#375);
#237=LINE('',#1911,#376);
#238=LINE('',#1913,#377);
#239=LINE('',#1915,#378);
#240=LINE('',#1917,#379);
#241=LINE('',#1919,#380);
#242=LINE('',#1921,#381);
#243=LINE('',#1923,#382);
#244=LINE('',#1925,#383);
#245=LINE('',#1927,#384);
#246=LINE('',#1929,#385);
#247=LINE('',#1931,#386);
#248=LINE('',#1933,#387);
#249=LINE('',#1935,#388);
#250=LINE('',#1936,#389);
#251=LINE('',#1941,#390);
#252=LINE('',#1948,#391);
#253=LINE('',#1954,#392);
#254=LINE('',#1960,#393);
#255=LINE('',#1963,#394);
#256=LINE('',#1966,#395);
#257=LINE('',#1967,#396);
#258=LINE('',#1970,#397);
#259=LINE('',#1972,#398);
#260=LINE('',#1976,#399);
#261=LINE('',#1979,#400);
#262=LINE('',#1981,#401);
#263=LINE('',#1982,#402);
#264=LINE('',#1984,#403);
#265=LINE('',#1985,#404);
#266=LINE('',#1988,#405);
#267=LINE('',#1990,#406);
#268=LINE('',#1991,#407);
#269=LINE('',#1995,#408);
#270=LINE('',#1997,#409);
#271=LINE('',#1999,#410);
#272=LINE('',#2000,#411);
#273=LINE('',#2014,#412);
#274=LINE('',#2015,#413);
#275=LINE('',#2036,#414);
#276=LINE('',#2038,#415);
#277=LINE('',#2049,#416);
#278=LINE('',#2054,#417);
#279=LINE('',#2056,#418);
#280=LINE('',#2059,#419);
#281=LINE('',#2060,#420);
#282=LINE('',#2062,#421);
#283=LINE('',#2064,#422);
#284=LINE('',#2067,#423);
#285=LINE('',#2069,#424);
#286=LINE('',#2071,#425);
#287=LINE('',#2072,#426);
#288=LINE('',#2074,#427);
#289=LINE('',#2076,#428);
#290=LINE('',#2077,#429);
#291=LINE('',#2079,#430);
#292=LINE('',#2081,#431);
#293=LINE('',#2082,#432);
#294=LINE('',#2084,#433);
#295=LINE('',#2085,#434);
#296=LINE('',#2091,#435);
#297=LINE('',#2093,#436);
#298=LINE('',#2094,#437);
#299=LINE('',#2097,#438);
#300=LINE('',#2099,#439);
#301=LINE('',#2100,#440);
#302=LINE('',#2103,#441);
#303=LINE('',#2104,#442);
#304=LINE('',#2107,#443);
#305=LINE('',#2108,#444);
#306=LINE('',#2111,#445);
#307=LINE('',#2112,#446);
#308=LINE('',#2114,#447);
#309=LINE('',#2117,#448);
#310=LINE('',#2118,#449);
#311=LINE('',#2120,#450);
#312=LINE('',#2123,#451);
#313=LINE('',#2125,#452);
#314=LINE('',#2126,#453);
#315=LINE('',#2129,#454);
#316=LINE('',#2131,#455);
#317=LINE('',#2132,#456);
#318=LINE('',#2135,#457);
#319=LINE('',#2136,#458);
#320=LINE('',#2139,#459);
#321=LINE('',#2140,#460);
#322=LINE('',#2143,#461);
#323=LINE('',#2144,#462);
#324=LINE('',#2147,#463);
#325=LINE('',#2148,#464);
#326=LINE('',#2150,#465);
#327=LINE('',#2151,#466);
#328=LINE('',#2156,#467);
#329=LINE('',#2158,#468);
#330=LINE('',#2159,#469);
#331=LINE('',#2162,#470);
#332=LINE('',#2164,#471);
#333=LINE('',#2165,#472);
#334=LINE('',#2168,#473);
#335=LINE('',#2169,#474);
#336=LINE('',#2172,#475);
#337=LINE('',#2173,#476);
#338=LINE('',#2176,#477);
#339=LINE('',#2177,#478);
#340=LINE('',#2180,#479);
#341=LINE('',#2181,#480);
#342=LINE('',#2183,#481);
#343=LINE('',#2184,#482);
#344=LINE('',#2189,#483);
#345=LINE('',#2191,#484);
#346=LINE('',#2192,#485);
#347=LINE('',#2195,#486);
#348=LINE('',#2197,#487);
#349=LINE('',#2198,#488);
#350=LINE('',#2201,#489);
#351=LINE('',#2202,#490);
#352=LINE('',#2205,#491);
#353=LINE('',#2206,#492);
#354=LINE('',#2209,#493);
#355=LINE('',#2210,#494);
#356=LINE('',#2213,#495);
#357=LINE('',#2214,#496);
#358=LINE('',#2216,#497);
#359=LINE('',#2217,#498);
#360=VECTOR('',#1477,1.);
#361=VECTOR('',#1480,1.);
#362=VECTOR('',#1485,1.);
#363=VECTOR('',#1488,1.);
#364=VECTOR('',#1493,1.);
#365=VECTOR('',#1496,1.);
#366=VECTOR('',#1501,1.);
#367=VECTOR('',#1504,1.);
#368=VECTOR('',#1509,1.);
#369=VECTOR('',#1512,1.);
#370=VECTOR('',#1515,1.);
#371=VECTOR('',#1516,1.);
#372=VECTOR('',#1517,1.);
#373=VECTOR('',#1518,1.);
#374=VECTOR('',#1519,1.);
#375=VECTOR('',#1520,1.);
#376=VECTOR('',#1521,1.);
#377=VECTOR('',#1522,1.);
#378=VECTOR('',#1523,1.);
#379=VECTOR('',#1524,1.);
#380=VECTOR('',#1525,1.);
#381=VECTOR('',#1526,1.);
#382=VECTOR('',#1527,1.);
#383=VECTOR('',#1528,1.);
#384=VECTOR('',#1529,1.);
#385=VECTOR('',#1530,1.);
#386=VECTOR('',#1531,1.);
#387=VECTOR('',#1532,1.);
#388=VECTOR('',#1533,1.);
#389=VECTOR('',#1534,1.);
#390=VECTOR('',#1539,1.);
#391=VECTOR('',#1548,1.);
#392=VECTOR('',#1555,1.);
#393=VECTOR('',#1562,1.);
#394=VECTOR('',#1565,0.245);
#395=VECTOR('',#1568,0.245);
#396=VECTOR('',#1569,1.);
#397=VECTOR('',#1572,0.245);
#398=VECTOR('',#1573,0.245);
#399=VECTOR('',#1578,0.245);
#400=VECTOR('',#1581,0.245);
#401=VECTOR('',#1584,0.245);
#402=VECTOR('',#1585,0.245);
#403=VECTOR('',#1588,0.245);
#404=VECTOR('',#1589,1.);
#405=VECTOR('',#1592,0.245);
#406=VECTOR('',#1593,1.);
#407=VECTOR('',#1594,0.245);
#408=VECTOR('',#1597,1.);
#409=VECTOR('',#1598,1.);
#410=VECTOR('',#1599,1.);
#411=VECTOR('',#1600,1.);
#412=VECTOR('',#1619,1.);
#413=VECTOR('',#1620,1.);
#414=VECTOR('',#1651,1.);
#415=VECTOR('',#1654,1.);
#416=VECTOR('',#1671,1.);
#417=VECTOR('',#1680,1.);
#418=VECTOR('',#1683,1.);
#419=VECTOR('',#1688,1.);
#420=VECTOR('',#1689,1.);
#421=VECTOR('',#1692,1.);
#422=VECTOR('',#1695,1.);
#423=VECTOR('',#1698,1.);
#424=VECTOR('',#1699,1.);
#425=VECTOR('',#1700,1.);
#426=VECTOR('',#1701,1.);
#427=VECTOR('',#1702,1.);
#428=VECTOR('',#1703,1.);
#429=VECTOR('',#1704,1.);
#430=VECTOR('',#1705,1.);
#431=VECTOR('',#1706,1.);
#432=VECTOR('',#1707,1.);
#433=VECTOR('',#1708,1.);
#434=VECTOR('',#1709,1.);
#435=VECTOR('',#1718,0.245);
#436=VECTOR('',#1719,0.0149999999999999);
#437=VECTOR('',#1720,0.245);
#438=VECTOR('',#1723,0.245);
#439=VECTOR('',#1724,0.0149999999999999);
#440=VECTOR('',#1725,0.245);
#441=VECTOR('',#1728,0.245);
#442=VECTOR('',#1729,0.025);
#443=VECTOR('',#1732,0.025);
#444=VECTOR('',#1733,0.245);
#445=VECTOR('',#1736,0.245);
#446=VECTOR('',#1737,0.025);
#447=VECTOR('',#1740,0.0149999999999999);
#448=VECTOR('',#1743,0.0149999999999999);
#449=VECTOR('',#1744,0.025);
#450=VECTOR('',#1747,0.245);
#451=VECTOR('',#1750,0.245);
#452=VECTOR('',#1751,0.0149999999999999);
#453=VECTOR('',#1752,0.245);
#454=VECTOR('',#1755,0.245);
#455=VECTOR('',#1756,0.0149999999999999);
#456=VECTOR('',#1757,0.245);
#457=VECTOR('',#1760,0.245);
#458=VECTOR('',#1761,0.025);
#459=VECTOR('',#1764,0.245);
#460=VECTOR('',#1765,0.025);
#461=VECTOR('',#1768,0.025);
#462=VECTOR('',#1769,0.0149999999999999);
#463=VECTOR('',#1772,0.0149999999999999);
#464=VECTOR('',#1773,0.025);
#465=VECTOR('',#1776,0.245);
#466=VECTOR('',#1777,0.245);
#467=VECTOR('',#1784,0.245);
#468=VECTOR('',#1785,0.0149999999999999);
#469=VECTOR('',#1786,0.245);
#470=VECTOR('',#1789,0.245);
#471=VECTOR('',#1790,0.0149999999999999);
#472=VECTOR('',#1791,0.245);
#473=VECTOR('',#1794,0.245);
#474=VECTOR('',#1795,0.025);
#475=VECTOR('',#1798,0.245);
#476=VECTOR('',#1799,0.025);
#477=VECTOR('',#1802,0.025);
#478=VECTOR('',#1803,0.0149999999999999);
#479=VECTOR('',#1806,0.0149999999999999);
#480=VECTOR('',#1807,0.025);
#481=VECTOR('',#1810,0.245);
#482=VECTOR('',#1811,0.245);
#483=VECTOR('',#1818,0.245);
#484=VECTOR('',#1819,0.0149999999999999);
#485=VECTOR('',#1820,0.245);
#486=VECTOR('',#1823,0.245);
#487=VECTOR('',#1824,0.0149999999999999);
#488=VECTOR('',#1825,0.245);
#489=VECTOR('',#1828,0.245);
#490=VECTOR('',#1829,0.025);
#491=VECTOR('',#1832,0.245);
#492=VECTOR('',#1833,0.025);
#493=VECTOR('',#1836,0.025);
#494=VECTOR('',#1837,0.0149999999999999);
#495=VECTOR('',#1840,0.0149999999999999);
#496=VECTOR('',#1841,0.025);
#497=VECTOR('',#1844,0.245);
#498=VECTOR('',#1845,0.245);
#499=CIRCLE('',#1353,0.25);
#500=CIRCLE('',#1354,0.25);
#501=CIRCLE('',#1356,0.25);
#502=CIRCLE('',#1357,0.25);
#503=CIRCLE('',#1359,0.25);
#504=CIRCLE('',#1360,0.25);
#505=CIRCLE('',#1362,0.25);
#506=CIRCLE('',#1363,0.25);
#507=CIRCLE('',#1365,0.25);
#508=CIRCLE('',#1366,0.25);
#509=CIRCLE('',#1369,0.25);
#510=CIRCLE('',#1370,0.25);
#511=CIRCLE('',#1372,0.25);
#512=CIRCLE('',#1373,0.25);
#513=CIRCLE('',#1375,0.25);
#514=CIRCLE('',#1376,0.25);
#515=CIRCLE('',#1378,0.25);
#516=CIRCLE('',#1379,0.25);
#517=CIRCLE('',#1381,0.375);
#518=CIRCLE('',#1383,0.375);
#519=CIRCLE('',#1385,0.375);
#520=CIRCLE('',#1390,0.375);
#521=CIRCLE('',#1392,0.25);
#522=CIRCLE('',#1393,0.25);
#523=CIRCLE('',#1394,0.25);
#524=CIRCLE('',#1396,0.25);
#525=CIRCLE('',#1397,0.25);
#526=CIRCLE('',#1400,0.25);
#527=CIRCLE('',#1401,0.25);
#528=CIRCLE('',#1402,0.25);
#529=CIRCLE('',#1404,0.25);
#530=CIRCLE('',#1405,0.25);
#531=CIRCLE('',#1406,0.25);
#532=CIRCLE('',#1408,0.25);
#533=CIRCLE('',#1409,0.25);
#534=CIRCLE('',#1411,0.25);
#535=CIRCLE('',#1412,0.25);
#536=CIRCLE('',#1416,0.25);
#537=CIRCLE('',#1417,0.25);
#538=CIRCLE('',#1418,0.25);
#539=CIRCLE('',#1420,0.25);
#540=CIRCLE('',#1421,0.25);
#541=CIRCLE('',#1424,0.25);
#542=CIRCLE('',#1425,0.25);
#543=VERTEX_POINT('',#1852);
#544=VERTEX_POINT('',#1853);
#545=VERTEX_POINT('',#1855);
#546=VERTEX_POINT('',#1857);
#547=VERTEX_POINT('',#1861);
#548=VERTEX_POINT('',#1862);
#549=VERTEX_POINT('',#1864);
#550=VERTEX_POINT('',#1866);
#551=VERTEX_POINT('',#1870);
#552=VERTEX_POINT('',#1871);
#553=VERTEX_POINT('',#1873);
#554=VERTEX_POINT('',#1875);
#555=VERTEX_POINT('',#1879);
#556=VERTEX_POINT('',#1880);
#557=VERTEX_POINT('',#1882);
#558=VERTEX_POINT('',#1884);
#559=VERTEX_POINT('',#1888);
#560=VERTEX_POINT('',#1889);
#561=VERTEX_POINT('',#1891);
#562=VERTEX_POINT('',#1893);
#563=VERTEX_POINT('',#1897);
#564=VERTEX_POINT('',#1898);
#565=VERTEX_POINT('',#1900);
#566=VERTEX_POINT('',#1902);
#567=VERTEX_POINT('',#1904);
#568=VERTEX_POINT('',#1906);
#569=VERTEX_POINT('',#1908);
#570=VERTEX_POINT('',#1910);
#571=VERTEX_POINT('',#1912);
#572=VERTEX_POINT('',#1914);
#573=VERTEX_POINT('',#1916);
#574=VERTEX_POINT('',#1918);
#575=VERTEX_POINT('',#1920);
#576=VERTEX_POINT('',#1922);
#577=VERTEX_POINT('',#1924);
#578=VERTEX_POINT('',#1926);
#579=VERTEX_POINT('',#1928);
#580=VERTEX_POINT('',#1930);
#581=VERTEX_POINT('',#1932);
#582=VERTEX_POINT('',#1934);
#583=VERTEX_POINT('',#1938);
#584=VERTEX_POINT('',#1940);
#585=VERTEX_POINT('',#1944);
#586=VERTEX_POINT('',#1946);
#587=VERTEX_POINT('',#1950);
#588=VERTEX_POINT('',#1952);
#589=VERTEX_POINT('',#1956);
#590=VERTEX_POINT('',#1958);
#591=VERTEX_POINT('',#1962);
#592=VERTEX_POINT('',#1964);
#593=VERTEX_POINT('',#1969);
#594=VERTEX_POINT('',#1971);
#595=VERTEX_POINT('',#1975);
#596=VERTEX_POINT('',#1977);
#597=VERTEX_POINT('',#1987);
#598=VERTEX_POINT('',#1989);
#599=VERTEX_POINT('',#1993);
#600=VERTEX_POINT('',#1994);
#601=VERTEX_POINT('',#1996);
#602=VERTEX_POINT('',#1998);
#603=VERTEX_POINT('',#2001);
#604=VERTEX_POINT('',#2004);
#605=VERTEX_POINT('',#2006);
#606=VERTEX_POINT('',#2010);
#607=VERTEX_POINT('',#2017);
#608=VERTEX_POINT('',#2019);
#609=VERTEX_POINT('',#2023);
#610=VERTEX_POINT('',#2028);
#611=VERTEX_POINT('',#2032);
#612=VERTEX_POINT('',#2041);
#613=VERTEX_POINT('',#2045);
#614=VERTEX_POINT('',#2066);
#615=VERTEX_POINT('',#2068);
#616=VERTEX_POINT('',#2070);
#617=VERTEX_POINT('',#2073);
#618=VERTEX_POINT('',#2075);
#619=VERTEX_POINT('',#2078);
#620=VERTEX_POINT('',#2080);
#621=VERTEX_POINT('',#2083);
#622=VERTEX_POINT('',#2090);
#623=VERTEX_POINT('',#2092);
#624=VERTEX_POINT('',#2096);
#625=VERTEX_POINT('',#2098);
#626=VERTEX_POINT('',#2102);
#627=VERTEX_POINT('',#2106);
#628=VERTEX_POINT('',#2110);
#629=VERTEX_POINT('',#2116);
#630=VERTEX_POINT('',#2122);
#631=VERTEX_POINT('',#2124);
#632=VERTEX_POINT('',#2128);
#633=VERTEX_POINT('',#2130);
#634=VERTEX_POINT('',#2134);
#635=VERTEX_POINT('',#2138);
#636=VERTEX_POINT('',#2142);
#637=VERTEX_POINT('',#2146);
#638=VERTEX_POINT('',#2155);
#639=VERTEX_POINT('',#2157);
#640=VERTEX_POINT('',#2161);
#641=VERTEX_POINT('',#2163);
#642=VERTEX_POINT('',#2167);
#643=VERTEX_POINT('',#2171);
#644=VERTEX_POINT('',#2175);
#645=VERTEX_POINT('',#2179);
#646=VERTEX_POINT('',#2188);
#647=VERTEX_POINT('',#2190);
#648=VERTEX_POINT('',#2194);
#649=VERTEX_POINT('',#2196);
#650=VERTEX_POINT('',#2200);
#651=VERTEX_POINT('',#2204);
#652=VERTEX_POINT('',#2208);
#653=VERTEX_POINT('',#2212);
#654=EDGE_CURVE('',#543,#544,#499,.T.);
#655=EDGE_CURVE('',#543,#545,#221,.T.);
#656=EDGE_CURVE('',#545,#546,#500,.F.);
#657=EDGE_CURVE('',#546,#544,#222,.T.);
#658=EDGE_CURVE('',#547,#548,#501,.T.);
#659=EDGE_CURVE('',#547,#549,#223,.T.);
#660=EDGE_CURVE('',#550,#549,#502,.T.);
#661=EDGE_CURVE('',#550,#548,#224,.T.);
#662=EDGE_CURVE('',#551,#552,#503,.T.);
#663=EDGE_CURVE('',#551,#553,#225,.T.);
#664=EDGE_CURVE('',#554,#553,#504,.T.);
#665=EDGE_CURVE('',#554,#552,#226,.T.);
#666=EDGE_CURVE('',#555,#556,#505,.T.);
#667=EDGE_CURVE('',#555,#557,#227,.T.);
#668=EDGE_CURVE('',#557,#558,#506,.F.);
#669=EDGE_CURVE('',#558,#556,#228,.T.);
#670=EDGE_CURVE('',#559,#560,#507,.T.);
#671=EDGE_CURVE('',#559,#561,#229,.T.);
#672=EDGE_CURVE('',#562,#561,#508,.T.);
#673=EDGE_CURVE('',#562,#560,#230,.T.);
#674=EDGE_CURVE('',#563,#564,#231,.T.);
#675=EDGE_CURVE('',#565,#563,#232,.T.);
#676=EDGE_CURVE('',#566,#565,#233,.T.);
#677=EDGE_CURVE('',#567,#566,#234,.T.);
#678=EDGE_CURVE('',#568,#567,#235,.T.);
#679=EDGE_CURVE('',#569,#568,#236,.T.);
#680=EDGE_CURVE('',#570,#569,#237,.T.);
#681=EDGE_CURVE('',#571,#570,#238,.T.);
#682=EDGE_CURVE('',#572,#571,#239,.T.);
#683=EDGE_CURVE('',#573,#572,#240,.T.);
#684=EDGE_CURVE('',#574,#573,#241,.T.);
#685=EDGE_CURVE('',#575,#574,#242,.T.);
#686=EDGE_CURVE('',#576,#575,#243,.T.);
#687=EDGE_CURVE('',#577,#576,#244,.T.);
#688=EDGE_CURVE('',#578,#577,#245,.T.);
#689=EDGE_CURVE('',#579,#578,#246,.T.);
#690=EDGE_CURVE('',#580,#579,#247,.T.);
#691=EDGE_CURVE('',#581,#580,#248,.T.);
#692=EDGE_CURVE('',#582,#581,#249,.T.);
#693=EDGE_CURVE('',#564,#582,#250,.T.);
#694=EDGE_CURVE('',#583,#566,#509,.T.);
#695=EDGE_CURVE('',#583,#584,#251,.T.);
#696=EDGE_CURVE('',#584,#567,#510,.F.);
#697=EDGE_CURVE('',#571,#585,#511,.T.);
#698=EDGE_CURVE('',#570,#586,#512,.F.);
#699=EDGE_CURVE('',#586,#585,#252,.T.);
#700=EDGE_CURVE('',#575,#587,#513,.T.);
#701=EDGE_CURVE('',#588,#574,#514,.T.);
#702=EDGE_CURVE('',#588,#587,#253,.T.);
#703=EDGE_CURVE('',#579,#589,#515,.T.);
#704=EDGE_CURVE('',#590,#578,#516,.T.);
#705=EDGE_CURVE('',#590,#589,#254,.T.);
#706=EDGE_CURVE('',#591,#543,#255,.T.);
#707=EDGE_CURVE('',#591,#592,#517,.T.);
#708=EDGE_CURVE('',#585,#592,#256,.T.);
#709=EDGE_CURVE('',#545,#586,#257,.T.);
#710=EDGE_CURVE('',#587,#593,#258,.T.);
#711=EDGE_CURVE('',#588,#594,#259,.T.);
#712=EDGE_CURVE('',#594,#593,#518,.T.);
#713=EDGE_CURVE('',#595,#547,#260,.T.);
#714=EDGE_CURVE('',#595,#596,#519,.T.);
#715=EDGE_CURVE('',#596,#549,#261,.T.);
#716=EDGE_CURVE('',#589,#551,#262,.T.);
#717=EDGE_CURVE('',#590,#553,#263,.T.);
#718=EDGE_CURVE('',#583,#556,#264,.T.);
#719=EDGE_CURVE('',#584,#558,#265,.T.);
#720=EDGE_CURVE('',#597,#559,#266,.T.);
#721=EDGE_CURVE('',#598,#597,#267,.T.);
#722=EDGE_CURVE('',#598,#561,#268,.T.);
#723=EDGE_CURVE('',#599,#600,#269,.T.);
#724=EDGE_CURVE('',#601,#599,#270,.T.);
#725=EDGE_CURVE('',#602,#601,#271,.T.);
#726=EDGE_CURVE('',#600,#602,#272,.T.);
#727=EDGE_CURVE('',#603,#603,#520,.T.);
#728=EDGE_CURVE('',#601,#604,#521,.F.);
#729=EDGE_CURVE('',#605,#601,#522,.F.);
#730=EDGE_CURVE('',#604,#605,#523,.F.);
#731=EDGE_CURVE('',#606,#545,#524,.F.);
#732=EDGE_CURVE('',#546,#606,#525,.F.);
#733=EDGE_CURVE('',#605,#546,#273,.T.);
#734=EDGE_CURVE('',#606,#604,#274,.T.);
#735=EDGE_CURVE('',#607,#599,#526,.F.);
#736=EDGE_CURVE('',#608,#607,#527,.F.);
#737=EDGE_CURVE('',#599,#608,#528,.F.);
#738=EDGE_CURVE('',#569,#609,#529,.F.);
#739=EDGE_CURVE('',#602,#569,#530,.F.);
#740=EDGE_CURVE('',#609,#602,#531,.F.);
#741=EDGE_CURVE('',#610,#557,#532,.F.);
#742=EDGE_CURVE('',#558,#610,#533,.F.);
#743=EDGE_CURVE('',#611,#570,#534,.F.);
#744=EDGE_CURVE('',#586,#611,#535,.F.);
#745=EDGE_CURVE('',#609,#611,#275,.T.);
#746=EDGE_CURVE('',#611,#606,#276,.T.);
#747=EDGE_CURVE('',#568,#600,#536,.F.);
#748=EDGE_CURVE('',#612,#568,#537,.F.);
#749=EDGE_CURVE('',#600,#612,#538,.F.);
#750=EDGE_CURVE('',#613,#584,#539,.F.);
#751=EDGE_CURVE('',#567,#613,#540,.F.);
#752=EDGE_CURVE('',#613,#612,#277,.T.);
#753=EDGE_CURVE('',#564,#597,#541,.T.);
#754=EDGE_CURVE('',#598,#582,#542,.T.);
#755=EDGE_CURVE('',#610,#613,#278,.T.);
#756=EDGE_CURVE('',#612,#607,#279,.T.);
#757=EDGE_CURVE('',#557,#608,#280,.T.);
#758=EDGE_CURVE('',#607,#610,#281,.T.);
#759=EDGE_CURVE('',#604,#609,#282,.T.);
#760=EDGE_CURVE('',#608,#605,#283,.T.);
#761=EDGE_CURVE('',#560,#614,#284,.T.);
#762=EDGE_CURVE('',#615,#562,#285,.T.);
#763=EDGE_CURVE('',#616,#615,#286,.T.);
#764=EDGE_CURVE('',#552,#616,#287,.T.);
#765=EDGE_CURVE('',#617,#554,#288,.T.);
#766=EDGE_CURVE('',#618,#617,#289,.T.);
#767=EDGE_CURVE('',#548,#618,#290,.T.);
#768=EDGE_CURVE('',#619,#550,#291,.T.);
#769=EDGE_CURVE('',#620,#619,#292,.T.);
#770=EDGE_CURVE('',#544,#620,#293,.T.);
#771=EDGE_CURVE('',#621,#555,#294,.T.);
#772=EDGE_CURVE('',#614,#621,#295,.T.);
#773=EDGE_CURVE('',#622,#572,#296,.T.);
#774=EDGE_CURVE('',#623,#622,#297,.T.);
#775=EDGE_CURVE('',#623,#573,#298,.T.);
#776=EDGE_CURVE('',#619,#624,#299,.T.);
#777=EDGE_CURVE('',#625,#624,#300,.T.);
#778=EDGE_CURVE('',#620,#625,#301,.T.);
#779=EDGE_CURVE('',#626,#585,#302,.T.);
#780=EDGE_CURVE('',#622,#626,#303,.T.);
#781=EDGE_CURVE('',#627,#623,#304,.T.);
#782=EDGE_CURVE('',#627,#588,#305,.T.);
#783=EDGE_CURVE('',#549,#628,#306,.T.);
#784=EDGE_CURVE('',#624,#628,#307,.T.);
#785=EDGE_CURVE('',#626,#627,#308,.T.);
#786=EDGE_CURVE('',#628,#629,#309,.T.);
#787=EDGE_CURVE('',#629,#625,#310,.T.);
#788=EDGE_CURVE('',#543,#629,#311,.T.);
#789=EDGE_CURVE('',#630,#576,#312,.T.);
#790=EDGE_CURVE('',#631,#630,#313,.T.);
#791=EDGE_CURVE('',#631,#577,#314,.T.);
#792=EDGE_CURVE('',#617,#632,#315,.T.);
#793=EDGE_CURVE('',#633,#632,#316,.T.);
#794=EDGE_CURVE('',#618,#633,#317,.T.);
#795=EDGE_CURVE('',#634,#587,#318,.T.);
#796=EDGE_CURVE('',#630,#634,#319,.T.);
#797=EDGE_CURVE('',#553,#635,#320,.T.);
#798=EDGE_CURVE('',#632,#635,#321,.T.);
#799=EDGE_CURVE('',#636,#631,#322,.T.);
#800=EDGE_CURVE('',#634,#636,#323,.T.);
#801=EDGE_CURVE('',#635,#637,#324,.T.);
#802=EDGE_CURVE('',#637,#633,#325,.T.);
#803=EDGE_CURVE('',#547,#637,#326,.T.);
#804=EDGE_CURVE('',#636,#590,#327,.T.);
#805=EDGE_CURVE('',#638,#580,#328,.T.);
#806=EDGE_CURVE('',#639,#638,#329,.T.);
#807=EDGE_CURVE('',#639,#581,#330,.T.);
#808=EDGE_CURVE('',#615,#640,#331,.T.);
#809=EDGE_CURVE('',#641,#640,#332,.T.);
#810=EDGE_CURVE('',#616,#641,#333,.T.);
#811=EDGE_CURVE('',#642,#589,#334,.T.);
#812=EDGE_CURVE('',#638,#642,#335,.T.);
#813=EDGE_CURVE('',#561,#643,#336,.T.);
#814=EDGE_CURVE('',#640,#643,#337,.T.);
#815=EDGE_CURVE('',#644,#639,#338,.T.);
#816=EDGE_CURVE('',#642,#644,#339,.T.);
#817=EDGE_CURVE('',#643,#645,#340,.T.);
#818=EDGE_CURVE('',#645,#641,#341,.T.);
#819=EDGE_CURVE('',#551,#645,#342,.T.);
#820=EDGE_CURVE('',#644,#598,#343,.T.);
#821=EDGE_CURVE('',#646,#563,#344,.T.);
#822=EDGE_CURVE('',#647,#646,#345,.T.);
#823=EDGE_CURVE('',#647,#565,#346,.T.);
#824=EDGE_CURVE('',#621,#648,#347,.T.);
#825=EDGE_CURVE('',#649,#648,#348,.T.);
#826=EDGE_CURVE('',#614,#649,#349,.T.);
#827=EDGE_CURVE('',#650,#597,#350,.T.);
#828=EDGE_CURVE('',#646,#650,#351,.T.);
#829=EDGE_CURVE('',#556,#651,#352,.T.);
#830=EDGE_CURVE('',#648,#651,#353,.T.);
#831=EDGE_CURVE('',#652,#647,#354,.T.);
#832=EDGE_CURVE('',#650,#652,#355,.T.);
#833=EDGE_CURVE('',#651,#653,#356,.T.);
#834=EDGE_CURVE('',#653,#649,#357,.T.);
#835=EDGE_CURVE('',#559,#653,#358,.T.);
#836=EDGE_CURVE('',#652,#583,#359,.T.);
#837=ORIENTED_EDGE('',*,*,#654,.F.);
#838=ORIENTED_EDGE('',*,*,#655,.T.);
#839=ORIENTED_EDGE('',*,*,#656,.T.);
#840=ORIENTED_EDGE('',*,*,#657,.T.);
#841=ORIENTED_EDGE('',*,*,#658,.F.);
#842=ORIENTED_EDGE('',*,*,#659,.T.);
#843=ORIENTED_EDGE('',*,*,#660,.F.);
#844=ORIENTED_EDGE('',*,*,#661,.T.);
#845=ORIENTED_EDGE('',*,*,#662,.F.);
#846=ORIENTED_EDGE('',*,*,#663,.T.);
#847=ORIENTED_EDGE('',*,*,#664,.F.);
#848=ORIENTED_EDGE('',*,*,#665,.T.);
#849=ORIENTED_EDGE('',*,*,#666,.F.);
#850=ORIENTED_EDGE('',*,*,#667,.T.);
#851=ORIENTED_EDGE('',*,*,#668,.T.);
#852=ORIENTED_EDGE('',*,*,#669,.T.);
#853=ORIENTED_EDGE('',*,*,#670,.F.);
#854=ORIENTED_EDGE('',*,*,#671,.T.);
#855=ORIENTED_EDGE('',*,*,#672,.F.);
#856=ORIENTED_EDGE('',*,*,#673,.T.);
#857=ORIENTED_EDGE('',*,*,#674,.F.);
#858=ORIENTED_EDGE('',*,*,#675,.F.);
#859=ORIENTED_EDGE('',*,*,#676,.F.);
#860=ORIENTED_EDGE('',*,*,#677,.F.);
#861=ORIENTED_EDGE('',*,*,#678,.F.);
#862=ORIENTED_EDGE('',*,*,#679,.F.);
#863=ORIENTED_EDGE('',*,*,#680,.F.);
#864=ORIENTED_EDGE('',*,*,#681,.F.);
#865=ORIENTED_EDGE('',*,*,#682,.F.);
#866=ORIENTED_EDGE('',*,*,#683,.F.);
#867=ORIENTED_EDGE('',*,*,#684,.F.);
#868=ORIENTED_EDGE('',*,*,#685,.F.);
#869=ORIENTED_EDGE('',*,*,#686,.F.);
#870=ORIENTED_EDGE('',*,*,#687,.F.);
#871=ORIENTED_EDGE('',*,*,#688,.F.);
#872=ORIENTED_EDGE('',*,*,#689,.F.);
#873=ORIENTED_EDGE('',*,*,#690,.F.);
#874=ORIENTED_EDGE('',*,*,#691,.F.);
#875=ORIENTED_EDGE('',*,*,#692,.F.);
#876=ORIENTED_EDGE('',*,*,#693,.F.);
#877=ORIENTED_EDGE('',*,*,#694,.F.);
#878=ORIENTED_EDGE('',*,*,#695,.T.);
#879=ORIENTED_EDGE('',*,*,#696,.T.);
#880=ORIENTED_EDGE('',*,*,#677,.T.);
#881=ORIENTED_EDGE('',*,*,#697,.F.);
#882=ORIENTED_EDGE('',*,*,#681,.T.);
#883=ORIENTED_EDGE('',*,*,#698,.T.);
#884=ORIENTED_EDGE('',*,*,#699,.T.);
#885=ORIENTED_EDGE('',*,*,#700,.F.);
#886=ORIENTED_EDGE('',*,*,#685,.T.);
#887=ORIENTED_EDGE('',*,*,#701,.F.);
#888=ORIENTED_EDGE('',*,*,#702,.T.);
#889=ORIENTED_EDGE('',*,*,#703,.F.);
#890=ORIENTED_EDGE('',*,*,#689,.T.);
#891=ORIENTED_EDGE('',*,*,#704,.F.);
#892=ORIENTED_EDGE('',*,*,#705,.T.);
#893=ORIENTED_EDGE('',*,*,#706,.F.);
#894=ORIENTED_EDGE('',*,*,#707,.T.);
#895=ORIENTED_EDGE('',*,*,#708,.F.);
#896=ORIENTED_EDGE('',*,*,#699,.F.);
#897=ORIENTED_EDGE('',*,*,#709,.F.);
#898=ORIENTED_EDGE('',*,*,#655,.F.);
#899=ORIENTED_EDGE('',*,*,#710,.F.);
#900=ORIENTED_EDGE('',*,*,#702,.F.);
#901=ORIENTED_EDGE('',*,*,#711,.T.);
#902=ORIENTED_EDGE('',*,*,#712,.T.);
#903=ORIENTED_EDGE('',*,*,#713,.F.);
#904=ORIENTED_EDGE('',*,*,#714,.T.);
#905=ORIENTED_EDGE('',*,*,#715,.T.);
#906=ORIENTED_EDGE('',*,*,#659,.F.);
#907=ORIENTED_EDGE('',*,*,#716,.F.);
#908=ORIENTED_EDGE('',*,*,#705,.F.);
#909=ORIENTED_EDGE('',*,*,#717,.T.);
#910=ORIENTED_EDGE('',*,*,#663,.F.);
#911=ORIENTED_EDGE('',*,*,#718,.T.);
#912=ORIENTED_EDGE('',*,*,#669,.F.);
#913=ORIENTED_EDGE('',*,*,#719,.F.);
#914=ORIENTED_EDGE('',*,*,#695,.F.);
#915=ORIENTED_EDGE('',*,*,#720,.F.);
#916=ORIENTED_EDGE('',*,*,#721,.F.);
#917=ORIENTED_EDGE('',*,*,#722,.T.);
#918=ORIENTED_EDGE('',*,*,#671,.F.);
#919=ORIENTED_EDGE('',*,*,#723,.F.);
#920=ORIENTED_EDGE('',*,*,#724,.F.);
#921=ORIENTED_EDGE('',*,*,#725,.F.);
#922=ORIENTED_EDGE('',*,*,#726,.F.);
#923=ORIENTED_EDGE('',*,*,#727,.F.);
#924=ORIENTED_EDGE('',*,*,#728,.F.);
#925=ORIENTED_EDGE('',*,*,#729,.F.);
#926=ORIENTED_EDGE('',*,*,#730,.F.);
#927=ORIENTED_EDGE('',*,*,#731,.F.);
#928=ORIENTED_EDGE('',*,*,#732,.F.);
#929=ORIENTED_EDGE('',*,*,#656,.F.);
#930=ORIENTED_EDGE('',*,*,#730,.T.);
#931=ORIENTED_EDGE('',*,*,#733,.T.);
#932=ORIENTED_EDGE('',*,*,#732,.T.);
#933=ORIENTED_EDGE('',*,*,#734,.T.);
#934=ORIENTED_EDGE('',*,*,#735,.F.);
#935=ORIENTED_EDGE('',*,*,#736,.F.);
#936=ORIENTED_EDGE('',*,*,#737,.F.);
#937=ORIENTED_EDGE('',*,*,#738,.F.);
#938=ORIENTED_EDGE('',*,*,#739,.F.);
#939=ORIENTED_EDGE('',*,*,#740,.F.);
#940=ORIENTED_EDGE('',*,*,#741,.F.);
#941=ORIENTED_EDGE('',*,*,#742,.F.);
#942=ORIENTED_EDGE('',*,*,#668,.F.);
#943=ORIENTED_EDGE('',*,*,#698,.F.);
#944=ORIENTED_EDGE('',*,*,#743,.F.);
#945=ORIENTED_EDGE('',*,*,#744,.F.);
#946=ORIENTED_EDGE('',*,*,#743,.T.);
#947=ORIENTED_EDGE('',*,*,#680,.T.);
#948=ORIENTED_EDGE('',*,*,#738,.T.);
#949=ORIENTED_EDGE('',*,*,#745,.T.);
#950=ORIENTED_EDGE('',*,*,#731,.T.);
#951=ORIENTED_EDGE('',*,*,#709,.T.);
#952=ORIENTED_EDGE('',*,*,#744,.T.);
#953=ORIENTED_EDGE('',*,*,#746,.T.);
#954=ORIENTED_EDGE('',*,*,#747,.F.);
#955=ORIENTED_EDGE('',*,*,#748,.F.);
#956=ORIENTED_EDGE('',*,*,#749,.F.);
#957=ORIENTED_EDGE('',*,*,#750,.F.);
#958=ORIENTED_EDGE('',*,*,#751,.F.);
#959=ORIENTED_EDGE('',*,*,#696,.F.);
#960=ORIENTED_EDGE('',*,*,#748,.T.);
#961=ORIENTED_EDGE('',*,*,#678,.T.);
#962=ORIENTED_EDGE('',*,*,#751,.T.);
#963=ORIENTED_EDGE('',*,*,#752,.T.);
#964=ORIENTED_EDGE('',*,*,#753,.F.);
#965=ORIENTED_EDGE('',*,*,#693,.T.);
#966=ORIENTED_EDGE('',*,*,#754,.F.);
#967=ORIENTED_EDGE('',*,*,#721,.T.);
#968=ORIENTED_EDGE('',*,*,#742,.T.);
#969=ORIENTED_EDGE('',*,*,#755,.T.);
#970=ORIENTED_EDGE('',*,*,#750,.T.);
#971=ORIENTED_EDGE('',*,*,#719,.T.);
#972=ORIENTED_EDGE('',*,*,#735,.T.);
#973=ORIENTED_EDGE('',*,*,#723,.T.);
#974=ORIENTED_EDGE('',*,*,#749,.T.);
#975=ORIENTED_EDGE('',*,*,#756,.T.);
#976=ORIENTED_EDGE('',*,*,#739,.T.);
#977=ORIENTED_EDGE('',*,*,#679,.T.);
#978=ORIENTED_EDGE('',*,*,#747,.T.);
#979=ORIENTED_EDGE('',*,*,#726,.T.);
#980=ORIENTED_EDGE('',*,*,#741,.T.);
#981=ORIENTED_EDGE('',*,*,#757,.T.);
#982=ORIENTED_EDGE('',*,*,#736,.T.);
#983=ORIENTED_EDGE('',*,*,#758,.T.);
#984=ORIENTED_EDGE('',*,*,#728,.T.);
#985=ORIENTED_EDGE('',*,*,#759,.T.);
#986=ORIENTED_EDGE('',*,*,#740,.T.);
#987=ORIENTED_EDGE('',*,*,#725,.T.);
#988=ORIENTED_EDGE('',*,*,#737,.T.);
#989=ORIENTED_EDGE('',*,*,#760,.T.);
#990=ORIENTED_EDGE('',*,*,#729,.T.);
#991=ORIENTED_EDGE('',*,*,#724,.T.);
#992=ORIENTED_EDGE('',*,*,#761,.F.);
#993=ORIENTED_EDGE('',*,*,#673,.F.);
#994=ORIENTED_EDGE('',*,*,#762,.F.);
#995=ORIENTED_EDGE('',*,*,#763,.F.);
#996=ORIENTED_EDGE('',*,*,#764,.F.);
#997=ORIENTED_EDGE('',*,*,#665,.F.);
#998=ORIENTED_EDGE('',*,*,#765,.F.);
#999=ORIENTED_EDGE('',*,*,#766,.F.);
#1000=ORIENTED_EDGE('',*,*,#767,.F.);
#1001=ORIENTED_EDGE('',*,*,#661,.F.);
#1002=ORIENTED_EDGE('',*,*,#768,.F.);
#1003=ORIENTED_EDGE('',*,*,#769,.F.);
#1004=ORIENTED_EDGE('',*,*,#770,.F.);
#1005=ORIENTED_EDGE('',*,*,#657,.F.);
#1006=ORIENTED_EDGE('',*,*,#733,.F.);
#1007=ORIENTED_EDGE('',*,*,#760,.F.);
#1008=ORIENTED_EDGE('',*,*,#757,.F.);
#1009=ORIENTED_EDGE('',*,*,#667,.F.);
#1010=ORIENTED_EDGE('',*,*,#771,.F.);
#1011=ORIENTED_EDGE('',*,*,#772,.F.);
#1012=ORIENTED_EDGE('',*,*,#745,.F.);
#1013=ORIENTED_EDGE('',*,*,#759,.F.);
#1014=ORIENTED_EDGE('',*,*,#734,.F.);
#1015=ORIENTED_EDGE('',*,*,#746,.F.);
#1016=ORIENTED_EDGE('',*,*,#752,.F.);
#1017=ORIENTED_EDGE('',*,*,#755,.F.);
#1018=ORIENTED_EDGE('',*,*,#758,.F.);
#1019=ORIENTED_EDGE('',*,*,#756,.F.);
#1020=ORIENTED_EDGE('',*,*,#727,.T.);
#1021=ORIENTED_EDGE('',*,*,#683,.T.);
#1022=ORIENTED_EDGE('',*,*,#773,.F.);
#1023=ORIENTED_EDGE('',*,*,#774,.F.);
#1024=ORIENTED_EDGE('',*,*,#775,.T.);
#1025=ORIENTED_EDGE('',*,*,#769,.T.);
#1026=ORIENTED_EDGE('',*,*,#776,.T.);
#1027=ORIENTED_EDGE('',*,*,#777,.F.);
#1028=ORIENTED_EDGE('',*,*,#778,.F.);
#1029=ORIENTED_EDGE('',*,*,#682,.T.);
#1030=ORIENTED_EDGE('',*,*,#697,.T.);
#1031=ORIENTED_EDGE('',*,*,#779,.F.);
#1032=ORIENTED_EDGE('',*,*,#780,.F.);
#1033=ORIENTED_EDGE('',*,*,#773,.T.);
#1034=ORIENTED_EDGE('',*,*,#684,.T.);
#1035=ORIENTED_EDGE('',*,*,#775,.F.);
#1036=ORIENTED_EDGE('',*,*,#781,.F.);
#1037=ORIENTED_EDGE('',*,*,#782,.T.);
#1038=ORIENTED_EDGE('',*,*,#701,.T.);
#1039=ORIENTED_EDGE('',*,*,#768,.T.);
#1040=ORIENTED_EDGE('',*,*,#660,.T.);
#1041=ORIENTED_EDGE('',*,*,#783,.T.);
#1042=ORIENTED_EDGE('',*,*,#784,.F.);
#1043=ORIENTED_EDGE('',*,*,#776,.F.);
#1044=ORIENTED_EDGE('',*,*,#781,.T.);
#1045=ORIENTED_EDGE('',*,*,#774,.T.);
#1046=ORIENTED_EDGE('',*,*,#780,.T.);
#1047=ORIENTED_EDGE('',*,*,#785,.T.);
#1048=ORIENTED_EDGE('',*,*,#784,.T.);
#1049=ORIENTED_EDGE('',*,*,#786,.T.);
#1050=ORIENTED_EDGE('',*,*,#787,.T.);
#1051=ORIENTED_EDGE('',*,*,#777,.T.);
#1052=ORIENTED_EDGE('',*,*,#770,.T.);
#1053=ORIENTED_EDGE('',*,*,#778,.T.);
#1054=ORIENTED_EDGE('',*,*,#787,.F.);
#1055=ORIENTED_EDGE('',*,*,#788,.F.);
#1056=ORIENTED_EDGE('',*,*,#654,.T.);
#1057=ORIENTED_EDGE('',*,*,#687,.T.);
#1058=ORIENTED_EDGE('',*,*,#789,.F.);
#1059=ORIENTED_EDGE('',*,*,#790,.F.);
#1060=ORIENTED_EDGE('',*,*,#791,.T.);
#1061=ORIENTED_EDGE('',*,*,#766,.T.);
#1062=ORIENTED_EDGE('',*,*,#792,.T.);
#1063=ORIENTED_EDGE('',*,*,#793,.F.);
#1064=ORIENTED_EDGE('',*,*,#794,.F.);
#1065=ORIENTED_EDGE('',*,*,#686,.T.);
#1066=ORIENTED_EDGE('',*,*,#700,.T.);
#1067=ORIENTED_EDGE('',*,*,#795,.F.);
#1068=ORIENTED_EDGE('',*,*,#796,.F.);
#1069=ORIENTED_EDGE('',*,*,#789,.T.);
#1070=ORIENTED_EDGE('',*,*,#765,.T.);
#1071=ORIENTED_EDGE('',*,*,#664,.T.);
#1072=ORIENTED_EDGE('',*,*,#797,.T.);
#1073=ORIENTED_EDGE('',*,*,#798,.F.);
#1074=ORIENTED_EDGE('',*,*,#792,.F.);
#1075=ORIENTED_EDGE('',*,*,#799,.T.);
#1076=ORIENTED_EDGE('',*,*,#790,.T.);
#1077=ORIENTED_EDGE('',*,*,#796,.T.);
#1078=ORIENTED_EDGE('',*,*,#800,.T.);
#1079=ORIENTED_EDGE('',*,*,#798,.T.);
#1080=ORIENTED_EDGE('',*,*,#801,.T.);
#1081=ORIENTED_EDGE('',*,*,#802,.T.);
#1082=ORIENTED_EDGE('',*,*,#793,.T.);
#1083=ORIENTED_EDGE('',*,*,#803,.T.);
#1084=ORIENTED_EDGE('',*,*,#801,.F.);
#1085=ORIENTED_EDGE('',*,*,#797,.F.);
#1086=ORIENTED_EDGE('',*,*,#717,.F.);
#1087=ORIENTED_EDGE('',*,*,#804,.F.);
#1088=ORIENTED_EDGE('',*,*,#800,.F.);
#1089=ORIENTED_EDGE('',*,*,#795,.T.);
#1090=ORIENTED_EDGE('',*,*,#710,.T.);
#1091=ORIENTED_EDGE('',*,*,#712,.F.);
#1092=ORIENTED_EDGE('',*,*,#711,.F.);
#1093=ORIENTED_EDGE('',*,*,#782,.F.);
#1094=ORIENTED_EDGE('',*,*,#785,.F.);
#1095=ORIENTED_EDGE('',*,*,#779,.T.);
#1096=ORIENTED_EDGE('',*,*,#708,.T.);
#1097=ORIENTED_EDGE('',*,*,#707,.F.);
#1098=ORIENTED_EDGE('',*,*,#706,.T.);
#1099=ORIENTED_EDGE('',*,*,#788,.T.);
#1100=ORIENTED_EDGE('',*,*,#786,.F.);
#1101=ORIENTED_EDGE('',*,*,#783,.F.);
#1102=ORIENTED_EDGE('',*,*,#715,.F.);
#1103=ORIENTED_EDGE('',*,*,#714,.F.);
#1104=ORIENTED_EDGE('',*,*,#713,.T.);
#1105=ORIENTED_EDGE('',*,*,#767,.T.);
#1106=ORIENTED_EDGE('',*,*,#794,.T.);
#1107=ORIENTED_EDGE('',*,*,#802,.F.);
#1108=ORIENTED_EDGE('',*,*,#803,.F.);
#1109=ORIENTED_EDGE('',*,*,#658,.T.);
#1110=ORIENTED_EDGE('',*,*,#688,.T.);
#1111=ORIENTED_EDGE('',*,*,#791,.F.);
#1112=ORIENTED_EDGE('',*,*,#799,.F.);
#1113=ORIENTED_EDGE('',*,*,#804,.T.);
#1114=ORIENTED_EDGE('',*,*,#704,.T.);
#1115=ORIENTED_EDGE('',*,*,#691,.T.);
#1116=ORIENTED_EDGE('',*,*,#805,.F.);
#1117=ORIENTED_EDGE('',*,*,#806,.F.);
#1118=ORIENTED_EDGE('',*,*,#807,.T.);
#1119=ORIENTED_EDGE('',*,*,#763,.T.);
#1120=ORIENTED_EDGE('',*,*,#808,.T.);
#1121=ORIENTED_EDGE('',*,*,#809,.F.);
#1122=ORIENTED_EDGE('',*,*,#810,.F.);
#1123=ORIENTED_EDGE('',*,*,#690,.T.);
#1124=ORIENTED_EDGE('',*,*,#703,.T.);
#1125=ORIENTED_EDGE('',*,*,#811,.F.);
#1126=ORIENTED_EDGE('',*,*,#812,.F.);
#1127=ORIENTED_EDGE('',*,*,#805,.T.);
#1128=ORIENTED_EDGE('',*,*,#762,.T.);
#1129=ORIENTED_EDGE('',*,*,#672,.T.);
#1130=ORIENTED_EDGE('',*,*,#813,.T.);
#1131=ORIENTED_EDGE('',*,*,#814,.F.);
#1132=ORIENTED_EDGE('',*,*,#808,.F.);
#1133=ORIENTED_EDGE('',*,*,#815,.T.);
#1134=ORIENTED_EDGE('',*,*,#806,.T.);
#1135=ORIENTED_EDGE('',*,*,#812,.T.);
#1136=ORIENTED_EDGE('',*,*,#816,.T.);
#1137=ORIENTED_EDGE('',*,*,#814,.T.);
#1138=ORIENTED_EDGE('',*,*,#817,.T.);
#1139=ORIENTED_EDGE('',*,*,#818,.T.);
#1140=ORIENTED_EDGE('',*,*,#809,.T.);
#1141=ORIENTED_EDGE('',*,*,#819,.T.);
#1142=ORIENTED_EDGE('',*,*,#817,.F.);
#1143=ORIENTED_EDGE('',*,*,#813,.F.);
#1144=ORIENTED_EDGE('',*,*,#722,.F.);
#1145=ORIENTED_EDGE('',*,*,#820,.F.);
#1146=ORIENTED_EDGE('',*,*,#816,.F.);
#1147=ORIENTED_EDGE('',*,*,#811,.T.);
#1148=ORIENTED_EDGE('',*,*,#716,.T.);
#1149=ORIENTED_EDGE('',*,*,#764,.T.);
#1150=ORIENTED_EDGE('',*,*,#810,.T.);
#1151=ORIENTED_EDGE('',*,*,#818,.F.);
#1152=ORIENTED_EDGE('',*,*,#819,.F.);
#1153=ORIENTED_EDGE('',*,*,#662,.T.);
#1154=ORIENTED_EDGE('',*,*,#692,.T.);
#1155=ORIENTED_EDGE('',*,*,#807,.F.);
#1156=ORIENTED_EDGE('',*,*,#815,.F.);
#1157=ORIENTED_EDGE('',*,*,#820,.T.);
#1158=ORIENTED_EDGE('',*,*,#754,.T.);
#1159=ORIENTED_EDGE('',*,*,#675,.T.);
#1160=ORIENTED_EDGE('',*,*,#821,.F.);
#1161=ORIENTED_EDGE('',*,*,#822,.F.);
#1162=ORIENTED_EDGE('',*,*,#823,.T.);
#1163=ORIENTED_EDGE('',*,*,#772,.T.);
#1164=ORIENTED_EDGE('',*,*,#824,.T.);
#1165=ORIENTED_EDGE('',*,*,#825,.F.);
#1166=ORIENTED_EDGE('',*,*,#826,.F.);
#1167=ORIENTED_EDGE('',*,*,#674,.T.);
#1168=ORIENTED_EDGE('',*,*,#753,.T.);
#1169=ORIENTED_EDGE('',*,*,#827,.F.);
#1170=ORIENTED_EDGE('',*,*,#828,.F.);
#1171=ORIENTED_EDGE('',*,*,#821,.T.);
#1172=ORIENTED_EDGE('',*,*,#771,.T.);
#1173=ORIENTED_EDGE('',*,*,#666,.T.);
#1174=ORIENTED_EDGE('',*,*,#829,.T.);
#1175=ORIENTED_EDGE('',*,*,#830,.F.);
#1176=ORIENTED_EDGE('',*,*,#824,.F.);
#1177=ORIENTED_EDGE('',*,*,#831,.T.);
#1178=ORIENTED_EDGE('',*,*,#822,.T.);
#1179=ORIENTED_EDGE('',*,*,#828,.T.);
#1180=ORIENTED_EDGE('',*,*,#832,.T.);
#1181=ORIENTED_EDGE('',*,*,#830,.T.);
#1182=ORIENTED_EDGE('',*,*,#833,.T.);
#1183=ORIENTED_EDGE('',*,*,#834,.T.);
#1184=ORIENTED_EDGE('',*,*,#825,.T.);
#1185=ORIENTED_EDGE('',*,*,#835,.T.);
#1186=ORIENTED_EDGE('',*,*,#833,.F.);
#1187=ORIENTED_EDGE('',*,*,#829,.F.);
#1188=ORIENTED_EDGE('',*,*,#718,.F.);
#1189=ORIENTED_EDGE('',*,*,#836,.F.);
#1190=ORIENTED_EDGE('',*,*,#832,.F.);
#1191=ORIENTED_EDGE('',*,*,#827,.T.);
#1192=ORIENTED_EDGE('',*,*,#720,.T.);
#1193=ORIENTED_EDGE('',*,*,#761,.T.);
#1194=ORIENTED_EDGE('',*,*,#826,.T.);
#1195=ORIENTED_EDGE('',*,*,#834,.F.);
#1196=ORIENTED_EDGE('',*,*,#835,.F.);
#1197=ORIENTED_EDGE('',*,*,#670,.T.);
#1198=ORIENTED_EDGE('',*,*,#676,.T.);
#1199=ORIENTED_EDGE('',*,*,#823,.F.);
#1200=ORIENTED_EDGE('',*,*,#831,.F.);
#1201=ORIENTED_EDGE('',*,*,#836,.T.);
#1202=ORIENTED_EDGE('',*,*,#694,.T.);
#1203=CYLINDRICAL_SURFACE('',#1352,0.25);
#1204=CYLINDRICAL_SURFACE('',#1355,0.25);
#1205=CYLINDRICAL_SURFACE('',#1358,0.25);
#1206=CYLINDRICAL_SURFACE('',#1361,0.25);
#1207=CYLINDRICAL_SURFACE('',#1364,0.25);
#1208=CYLINDRICAL_SURFACE('',#1368,0.25);
#1209=CYLINDRICAL_SURFACE('',#1371,0.25);
#1210=CYLINDRICAL_SURFACE('',#1374,0.25);
#1211=CYLINDRICAL_SURFACE('',#1377,0.25);
#1212=CYLINDRICAL_SURFACE('',#1398,0.25);
#1213=CYLINDRICAL_SURFACE('',#1413,0.25);
#1214=CYLINDRICAL_SURFACE('',#1414,0.25);
#1215=CYLINDRICAL_SURFACE('',#1422,0.25);
#1216=CYLINDRICAL_SURFACE('',#1423,0.25);
#1217=CYLINDRICAL_SURFACE('',#1426,0.25);
#1218=CYLINDRICAL_SURFACE('',#1427,0.25);
#1219=CYLINDRICAL_SURFACE('',#1428,0.25);
#1220=CYLINDRICAL_SURFACE('',#1429,0.25);
#1221=CYLINDRICAL_SURFACE('',#1430,0.25);
#1222=CYLINDRICAL_SURFACE('',#1431,0.25);
#1223=STYLED_ITEM('',(#2241),#1263);
#1224=STYLED_ITEM('',(#2241),#1264);
#1225=STYLED_ITEM('',(#2241),#1265);
#1226=STYLED_ITEM('',(#2241),#1266);
#1227=STYLED_ITEM('',(#2241),#1267);
#1228=STYLED_ITEM('',(#2241),#1268);
#1229=STYLED_ITEM('',(#2241),#1269);
#1230=STYLED_ITEM('',(#2241),#1270);
#1231=STYLED_ITEM('',(#2241),#1271);
#1232=STYLED_ITEM('',(#2241),#1272);
#1233=STYLED_ITEM('',(#2241),#1273);
#1234=STYLED_ITEM('',(#2241),#1274);
#1235=STYLED_ITEM('',(#2241),#1275);
#1236=STYLED_ITEM('',(#2241),#1276);
#1237=STYLED_ITEM('',(#2241),#1277);
#1238=STYLED_ITEM('',(#2241),#1278);
#1239=STYLED_ITEM('',(#2241),#1279);
#1240=STYLED_ITEM('',(#2241),#1280);
#1241=STYLED_ITEM('',(#2241),#1281);
#1242=STYLED_ITEM('',(#2241),#1282);
#1243=STYLED_ITEM('',(#2241),#1283);
#1244=STYLED_ITEM('',(#2241),#1284);
#1245=STYLED_ITEM('',(#2241),#1285);
#1246=STYLED_ITEM('',(#2241),#1286);
#1247=STYLED_ITEM('',(#2241),#1287);
#1248=STYLED_ITEM('',(#2241),#1288);
#1249=STYLED_ITEM('',(#2241),#1289);
#1250=STYLED_ITEM('',(#2241),#1290);
#1251=STYLED_ITEM('',(#2241),#1291);
#1252=STYLED_ITEM('',(#2241),#1292);
#1253=STYLED_ITEM('',(#2241),#1293);
#1254=STYLED_ITEM('',(#2241),#1294);
#1255=STYLED_ITEM('',(#2241),#1295);
#1256=STYLED_ITEM('',(#2241),#1296);
#1257=STYLED_ITEM('',(#2241),#1297);
#1258=STYLED_ITEM('',(#2241),#1298);
#1259=STYLED_ITEM('',(#2241),#1299);
#1260=STYLED_ITEM('',(#2241),#1300);
#1261=STYLED_ITEM('',(#2241),#1301);
#1262=STYLED_ITEM('',(#2240),#13);
#1263=ADVANCED_FACE('',(#70),#1203,.T.);
#1264=ADVANCED_FACE('',(#71),#1204,.T.);
#1265=ADVANCED_FACE('',(#72),#1205,.T.);
#1266=ADVANCED_FACE('',(#73),#1206,.T.);
#1267=ADVANCED_FACE('',(#74),#1207,.T.);
#1268=ADVANCED_FACE('',(#75),#23,.T.);
#1269=ADVANCED_FACE('',(#76),#1208,.T.);
#1270=ADVANCED_FACE('',(#77),#1209,.T.);
#1271=ADVANCED_FACE('',(#78),#1210,.T.);
#1272=ADVANCED_FACE('',(#79),#1211,.T.);
#1273=ADVANCED_FACE('',(#80),#24,.F.);
#1274=ADVANCED_FACE('',(#81),#25,.F.);
#1275=ADVANCED_FACE('',(#82),#26,.F.);
#1276=ADVANCED_FACE('',(#83),#27,.F.);
#1277=ADVANCED_FACE('',(#84),#28,.F.);
#1278=ADVANCED_FACE('',(#85),#29,.F.);
#1279=ADVANCED_FACE('',(#86,#22),#30,.F.);
#1280=ADVANCED_FACE('',(#87),#14,.T.);
#1281=ADVANCED_FACE('',(#88),#15,.T.);
#1282=ADVANCED_FACE('',(#89),#1212,.T.);
#1283=ADVANCED_FACE('',(#90),#16,.T.);
#1284=ADVANCED_FACE('',(#91),#17,.T.);
#1285=ADVANCED_FACE('',(#92),#18,.T.);
#1286=ADVANCED_FACE('',(#93),#19,.T.);
#1287=ADVANCED_FACE('',(#94),#1213,.T.);
#1288=ADVANCED_FACE('',(#95),#1214,.T.);
#1289=ADVANCED_FACE('',(#96),#20,.T.);
#1290=ADVANCED_FACE('',(#97),#21,.T.);
#1291=ADVANCED_FACE('',(#98),#1215,.T.);
#1292=ADVANCED_FACE('',(#99),#1216,.T.);
#1293=ADVANCED_FACE('',(#100),#1217,.T.);
#1294=ADVANCED_FACE('',(#101),#1218,.T.);
#1295=ADVANCED_FACE('',(#102),#1219,.T.);
#1296=ADVANCED_FACE('',(#103),#1220,.T.);
#1297=ADVANCED_FACE('',(#104),#1221,.T.);
#1298=ADVANCED_FACE('',(#105),#1222,.T.);
#1299=ADVANCED_FACE('',(#106),#31,.F.);
#1300=ADVANCED_FACE('',(#107),#32,.F.);
#1301=ADVANCED_FACE('',(#108),#33,.F.);
#1302=ADVANCED_FACE('',(#109),#34,.T.);
#1303=ADVANCED_FACE('',(#110),#35,.F.);
#1304=ADVANCED_FACE('',(#111),#36,.F.);
#1305=ADVANCED_FACE('',(#112),#37,.F.);
#1306=ADVANCED_FACE('',(#113),#38,.F.);
#1307=ADVANCED_FACE('',(#114),#39,.F.);
#1308=ADVANCED_FACE('',(#115),#40,.T.);
#1309=ADVANCED_FACE('',(#116),#41,.F.);
#1310=ADVANCED_FACE('',(#117),#42,.F.);
#1311=ADVANCED_FACE('',(#118),#43,.F.);
#1312=ADVANCED_FACE('',(#119),#44,.F.);
#1313=ADVANCED_FACE('',(#120),#45,.F.);
#1314=ADVANCED_FACE('',(#121),#46,.F.);
#1315=ADVANCED_FACE('',(#122),#47,.T.);
#1316=ADVANCED_FACE('',(#123),#48,.F.);
#1317=ADVANCED_FACE('',(#124),#49,.F.);
#1318=ADVANCED_FACE('',(#125),#50,.F.);
#1319=ADVANCED_FACE('',(#126),#51,.F.);
#1320=ADVANCED_FACE('',(#127),#52,.F.);
#1321=ADVANCED_FACE('',(#128),#53,.F.);
#1322=ADVANCED_FACE('',(#129),#54,.F.);
#1323=ADVANCED_FACE('',(#130),#55,.F.);
#1324=ADVANCED_FACE('',(#131),#56,.T.);
#1325=ADVANCED_FACE('',(#132),#57,.F.);
#1326=ADVANCED_FACE('',(#133),#58,.F.);
#1327=ADVANCED_FACE('',(#134),#59,.F.);
#1328=ADVANCED_FACE('',(#135),#60,.F.);
#1329=ADVANCED_FACE('',(#136),#61,.F.);
#1330=ADVANCED_FACE('',(#137),#62,.F.);
#1331=ADVANCED_FACE('',(#138),#63,.F.);
#1332=ADVANCED_FACE('',(#139),#64,.F.);
#1333=ADVANCED_FACE('',(#140),#65,.T.);
#1334=ADVANCED_FACE('',(#141),#66,.F.);
#1335=ADVANCED_FACE('',(#142),#67,.F.);
#1336=ADVANCED_FACE('',(#143),#68,.F.);
#1337=ADVANCED_FACE('',(#144),#69,.F.);
#1338=CLOSED_SHELL('',(#1263,#1264,#1265,#1266,#1267,#1268,#1269,#1270,
#1271,#1272,#1273,#1274,#1275,#1276,#1277,#1278,#1279,#1280,#1281,#1282,
#1283,#1284,#1285,#1286,#1287,#1288,#1289,#1290,#1291,#1292,#1293,#1294,
#1295,#1296,#1297,#1298,#1299,#1300,#1301,#1302,#1303,#1304,#1305,#1306,
#1307,#1308,#1309,#1310,#1311,#1312,#1313,#1314,#1315,#1316,#1317,#1318,
#1319,#1320,#1321,#1322,#1323,#1324,#1325,#1326,#1327,#1328,#1329,#1330,
#1331,#1332,#1333,#1334,#1335,#1336,#1337));
#1339=DERIVED_UNIT_ELEMENT(#1341,1.);
#1340=DERIVED_UNIT_ELEMENT(#2225,-3.);
#1341=(
MASS_UNIT()
NAMED_UNIT(*)
SI_UNIT(.KILO.,.GRAM.)
);
#1342=DERIVED_UNIT((#1339,#1340));
#1343=MEASURE_REPRESENTATION_ITEM('density measure',
POSITIVE_RATIO_MEASURE(7850.),#1342);
#1344=PROPERTY_DEFINITION_REPRESENTATION(#1349,#1346);
#1345=PROPERTY_DEFINITION_REPRESENTATION(#1350,#1347);
#1346=REPRESENTATION('material name',(#1348),#2222);
#1347=REPRESENTATION('density',(#1343),#2222);
#1348=DESCRIPTIVE_REPRESENTATION_ITEM('Steel','Steel');
#1349=PROPERTY_DEFINITION('material property','material name',#2232);
#1350=PROPERTY_DEFINITION('material property','density of part',#2232);
#1351=AXIS2_PLACEMENT_3D('',#1850,#1471,#1472);
#1352=AXIS2_PLACEMENT_3D('',#1851,#1473,#1474);
#1353=AXIS2_PLACEMENT_3D('',#1854,#1475,#1476);
#1354=AXIS2_PLACEMENT_3D('',#1858,#1478,#1479);
#1355=AXIS2_PLACEMENT_3D('',#1860,#1481,#1482);
#1356=AXIS2_PLACEMENT_3D('',#1863,#1483,#1484);
#1357=AXIS2_PLACEMENT_3D('',#1867,#1486,#1487);
#1358=AXIS2_PLACEMENT_3D('',#1869,#1489,#1490);
#1359=AXIS2_PLACEMENT_3D('',#1872,#1491,#1492);
#1360=AXIS2_PLACEMENT_3D('',#1876,#1494,#1495);
#1361=AXIS2_PLACEMENT_3D('',#1878,#1497,#1498);
#1362=AXIS2_PLACEMENT_3D('',#1881,#1499,#1500);
#1363=AXIS2_PLACEMENT_3D('',#1885,#1502,#1503);
#1364=AXIS2_PLACEMENT_3D('',#1887,#1505,#1506);
#1365=AXIS2_PLACEMENT_3D('',#1890,#1507,#1508);
#1366=AXIS2_PLACEMENT_3D('',#1894,#1510,#1511);
#1367=AXIS2_PLACEMENT_3D('',#1896,#1513,#1514);
#1368=AXIS2_PLACEMENT_3D('',#1937,#1535,#1536);
#1369=AXIS2_PLACEMENT_3D('',#1939,#1537,#1538);
#1370=AXIS2_PLACEMENT_3D('',#1942,#1540,#1541);
#1371=AXIS2_PLACEMENT_3D('',#1943,#1542,#1543);
#1372=AXIS2_PLACEMENT_3D('',#1945,#1544,#1545);
#1373=AXIS2_PLACEMENT_3D('',#1947,#1546,#1547);
#1374=AXIS2_PLACEMENT_3D('',#1949,#1549,#1550);
#1375=AXIS2_PLACEMENT_3D('',#1951,#1551,#1552);
#1376=AXIS2_PLACEMENT_3D('',#1953,#1553,#1554);
#1377=AXIS2_PLACEMENT_3D('',#1955,#1556,#1557);
#1378=AXIS2_PLACEMENT_3D('',#1957,#1558,#1559);
#1379=AXIS2_PLACEMENT_3D('',#1959,#1560,#1561);
#1380=AXIS2_PLACEMENT_3D('',#1961,#1563,#1564);
#1381=AXIS2_PLACEMENT_3D('',#1965,#1566,#1567);
#1382=AXIS2_PLACEMENT_3D('',#1968,#1570,#1571);
#1383=AXIS2_PLACEMENT_3D('',#1973,#1574,#1575);
#1384=AXIS2_PLACEMENT_3D('',#1974,#1576,#1577);
#1385=AXIS2_PLACEMENT_3D('',#1978,#1579,#1580);
#1386=AXIS2_PLACEMENT_3D('',#1980,#1582,#1583);
#1387=AXIS2_PLACEMENT_3D('',#1983,#1586,#1587);
#1388=AXIS2_PLACEMENT_3D('',#1986,#1590,#1591);
#1389=AXIS2_PLACEMENT_3D('',#1992,#1595,#1596);
#1390=AXIS2_PLACEMENT_3D('',#2002,#1601,#1602);
#1391=AXIS2_PLACEMENT_3D('',#2003,#1603,#1604);
#1392=AXIS2_PLACEMENT_3D('',#2005,#1605,#1606);
#1393=AXIS2_PLACEMENT_3D('',#2007,#1607,#1608);
#1394=AXIS2_PLACEMENT_3D('',#2008,#1609,#1610);
#1395=AXIS2_PLACEMENT_3D('',#2009,#1611,#1612);
#1396=AXIS2_PLACEMENT_3D('',#2011,#1613,#1614);
#1397=AXIS2_PLACEMENT_3D('',#2012,#1615,#1616);
#1398=AXIS2_PLACEMENT_3D('',#2013,#1617,#1618);
#1399=AXIS2_PLACEMENT_3D('',#2016,#1621,#1622);
#1400=AXIS2_PLACEMENT_3D('',#2018,#1623,#1624);
#1401=AXIS2_PLACEMENT_3D('',#2020,#1625,#1626);
#1402=AXIS2_PLACEMENT_3D('',#2021,#1627,#1628);
#1403=AXIS2_PLACEMENT_3D('',#2022,#1629,#1630);
#1404=AXIS2_PLACEMENT_3D('',#2024,#1631,#1632);
#1405=AXIS2_PLACEMENT_3D('',#2025,#1633,#1634);
#1406=AXIS2_PLACEMENT_3D('',#2026,#1635,#1636);
#1407=AXIS2_PLACEMENT_3D('',#2027,#1637,#1638);
#1408=AXIS2_PLACEMENT_3D('',#2029,#1639,#1640);
#1409=AXIS2_PLACEMENT_3D('',#2030,#1641,#1642);
#1410=AXIS2_PLACEMENT_3D('',#2031,#1643,#1644);
#1411=AXIS2_PLACEMENT_3D('',#2033,#1645,#1646);
#1412=AXIS2_PLACEMENT_3D('',#2034,#1647,#1648);
#1413=AXIS2_PLACEMENT_3D('',#2035,#1649,#1650);
#1414=AXIS2_PLACEMENT_3D('',#2037,#1652,#1653);
#1415=AXIS2_PLACEMENT_3D('',#2039,#1655,#1656);
#1416=AXIS2_PLACEMENT_3D('',#2040,#1657,#1658);
#1417=AXIS2_PLACEMENT_3D('',#2042,#1659,#1660);
#1418=AXIS2_PLACEMENT_3D('',#2043,#1661,#1662);
#1419=AXIS2_PLACEMENT_3D('',#2044,#1663,#1664);
#1420=AXIS2_PLACEMENT_3D('',#2046,#1665,#1666);
#1421=AXIS2_PLACEMENT_3D('',#2047,#1667,#1668);
#1422=AXIS2_PLACEMENT_3D('',#2048,#1669,#1670);
#1423=AXIS2_PLACEMENT_3D('',#2050,#1672,#1673);
#1424=AXIS2_PLACEMENT_3D('',#2051,#1674,#1675);
#1425=AXIS2_PLACEMENT_3D('',#2052,#1676,#1677);
#1426=AXIS2_PLACEMENT_3D('',#2053,#1678,#1679);
#1427=AXIS2_PLACEMENT_3D('',#2055,#1681,#1682);
#1428=AXIS2_PLACEMENT_3D('',#2057,#1684,#1685);
#1429=AXIS2_PLACEMENT_3D('',#2058,#1686,#1687);
#1430=AXIS2_PLACEMENT_3D('',#2061,#1690,#1691);
#1431=AXIS2_PLACEMENT_3D('',#2063,#1693,#1694);
#1432=AXIS2_PLACEMENT_3D('',#2065,#1696,#1697);
#1433=AXIS2_PLACEMENT_3D('',#2086,#1710,#1711);
#1434=AXIS2_PLACEMENT_3D('',#2087,#1712,#1713);
#1435=AXIS2_PLACEMENT_3D('',#2088,#1714,#1715);
#1436=AXIS2_PLACEMENT_3D('',#2089,#1716,#1717);
#1437=AXIS2_PLACEMENT_3D('',#2095,#1721,#1722);
#1438=AXIS2_PLACEMENT_3D('',#2101,#1726,#1727);
#1439=AXIS2_PLACEMENT_3D('',#2105,#1730,#1731);
#1440=AXIS2_PLACEMENT_3D('',#2109,#1734,#1735);
#1441=AXIS2_PLACEMENT_3D('',#2113,#1738,#1739);
#1442=AXIS2_PLACEMENT_3D('',#2115,#1741,#1742);
#1443=AXIS2_PLACEMENT_3D('',#2119,#1745,#1746);
#1444=AXIS2_PLACEMENT_3D('',#2121,#1748,#1749);
#1445=AXIS2_PLACEMENT_3D('',#2127,#1753,#1754);
#1446=AXIS2_PLACEMENT_3D('',#2133,#1758,#1759);
#1447=AXIS2_PLACEMENT_3D('',#2137,#1762,#1763);
#1448=AXIS2_PLACEMENT_3D('',#2141,#1766,#1767);
#1449=AXIS2_PLACEMENT_3D('',#2145,#1770,#1771);
#1450=AXIS2_PLACEMENT_3D('',#2149,#1774,#1775);
#1451=AXIS2_PLACEMENT_3D('',#2152,#1778,#1779);
#1452=AXIS2_PLACEMENT_3D('',#2153,#1780,#1781);
#1453=AXIS2_PLACEMENT_3D('',#2154,#1782,#1783);
#1454=AXIS2_PLACEMENT_3D('',#2160,#1787,#1788);
#1455=AXIS2_PLACEMENT_3D('',#2166,#1792,#1793);
#1456=AXIS2_PLACEMENT_3D('',#2170,#1796,#1797);
#1457=AXIS2_PLACEMENT_3D('',#2174,#1800,#1801);
#1458=AXIS2_PLACEMENT_3D('',#2178,#1804,#1805);
#1459=AXIS2_PLACEMENT_3D('',#2182,#1808,#1809);
#1460=AXIS2_PLACEMENT_3D('',#2185,#1812,#1813);
#1461=AXIS2_PLACEMENT_3D('',#2186,#1814,#1815);
#1462=AXIS2_PLACEMENT_3D('',#2187,#1816,#1817);
#1463=AXIS2_PLACEMENT_3D('',#2193,#1821,#1822);
#1464=AXIS2_PLACEMENT_3D('',#2199,#1826,#1827);
#1465=AXIS2_PLACEMENT_3D('',#2203,#1830,#1831);
#1466=AXIS2_PLACEMENT_3D('',#2207,#1834,#1835);
#1467=AXIS2_PLACEMENT_3D('',#2211,#1838,#1839);
#1468=AXIS2_PLACEMENT_3D('',#2215,#1842,#1843);
#1469=AXIS2_PLACEMENT_3D('',#2218,#1846,#1847);
#1470=AXIS2_PLACEMENT_3D('',#2219,#1848,#1849);
#1471=DIRECTION('axis',(0.,0.,1.));
#1472=DIRECTION('refdir',(1.,0.,0.));
#1473=DIRECTION('center_axis',(-1.,0.,0.));
#1474=DIRECTION('ref_axis',(0.,0.707106781186547,-0.707106781186548));
#1475=DIRECTION('center_axis',(1.,0.,0.));
#1476=DIRECTION('ref_axis',(0.,0.707106781186547,-0.707106781186548));
#1477=DIRECTION('',(-1.,0.,0.));
#1478=DIRECTION('center_axis',(-1.,0.,0.));
#1479=DIRECTION('ref_axis',(0.,-2.83276944882399E-16,-1.));
#1480=DIRECTION('',(1.,0.,0.));
#1481=DIRECTION('center_axis',(-1.,0.,0.));
#1482=DIRECTION('ref_axis',(0.,0.707106781186547,-0.707106781186548));
#1483=DIRECTION('center_axis',(1.,0.,0.));
#1484=DIRECTION('ref_axis',(0.,0.707106781186547,-0.707106781186548));
#1485=DIRECTION('',(-1.,0.,0.));
#1486=DIRECTION('center_axis',(-1.,0.,0.));
#1487=DIRECTION('ref_axis',(0.,0.707106781186547,-0.707106781186548));
#1488=DIRECTION('',(1.,0.,0.));
#1489=DIRECTION('center_axis',(-1.,0.,0.));
#1490=DIRECTION('ref_axis',(0.,0.707106781186547,-0.707106781186548));
#1491=DIRECTION('center_axis',(1.,0.,0.));
#1492=DIRECTION('ref_axis',(0.,0.707106781186547,-0.707106781186548));
#1493=DIRECTION('',(-1.,0.,0.));
#1494=DIRECTION('center_axis',(-1.,0.,0.));
#1495=DIRECTION('ref_axis',(0.,0.707106781186547,-0.707106781186548));
#1496=DIRECTION('',(1.,0.,0.));
#1497=DIRECTION('center_axis',(-1.,0.,0.));
#1498=DIRECTION('ref_axis',(0.,0.707106781186547,-0.707106781186548));
#1499=DIRECTION('center_axis',(-1.,0.,0.));
#1500=DIRECTION('ref_axis',(0.,0.707106781186547,-0.707106781186548));
#1501=DIRECTION('',(1.,0.,0.));
#1502=DIRECTION('center_axis',(1.,0.,0.));
#1503=DIRECTION('ref_axis',(0.,1.,-2.83276944882399E-16));
#1504=DIRECTION('',(-1.,0.,0.));
#1505=DIRECTION('center_axis',(-1.,0.,0.));
#1506=DIRECTION('ref_axis',(0.,0.707106781186547,-0.707106781186548));
#1507=DIRECTION('center_axis',(1.,0.,0.));
#1508=DIRECTION('ref_axis',(0.,0.707106781186547,-0.707106781186548));
#1509=DIRECTION('',(-1.,0.,0.));
#1510=DIRECTION('center_axis',(-1.,0.,0.));
#1511=DIRECTION('ref_axis',(0.,0.707106781186547,-0.707106781186548));
#1512=DIRECTION('',(1.,0.,0.));
#1513=DIRECTION('center_axis',(0.,-1.,2.83276944882399E-16));
#1514=DIRECTION('ref_axis',(1.,0.,0.));
#1515=DIRECTION('',(0.,-2.83276944882399E-16,-1.));
#1516=DIRECTION('',(-1.,0.,0.));
#1517=DIRECTION('',(0.,2.83276944882399E-16,1.));
#1518=DIRECTION('',(-1.,0.,0.));
#1519=DIRECTION('',(0.,-2.83276944882399E-16,-1.));
#1520=DIRECTION('',(1.,0.,0.));
#1521=DIRECTION('',(0.,2.83276944882399E-16,1.));
#1522=DIRECTION('',(-1.,0.,0.));
#1523=DIRECTION('',(0.,-2.83276944882399E-16,-1.));
#1524=DIRECTION('',(-1.,0.,0.));
#1525=DIRECTION('',(0.,2.83276944882399E-16,1.));
#1526=DIRECTION('',(-1.,0.,0.));
#1527=DIRECTION('',(0.,-2.83276944882399E-16,-1.));
#1528=DIRECTION('',(-1.,0.,0.));
#1529=DIRECTION('',(0.,2.83276944882399E-16,1.));
#1530=DIRECTION('',(-1.,0.,0.));
#1531=DIRECTION('',(0.,-2.83276944882399E-16,-1.));
#1532=DIRECTION('',(-1.,0.,0.));
#1533=DIRECTION('',(0.,2.83276944882399E-16,1.));
#1534=DIRECTION('',(-1.,0.,0.));
#1535=DIRECTION('center_axis',(1.,0.,0.));
#1536=DIRECTION('ref_axis',(0.,-0.707106781186548,-0.707106781186547));
#1537=DIRECTION('center_axis',(-1.,0.,0.));
#1538=DIRECTION('ref_axis',(0.,-0.707106781186548,-0.707106781186547));
#1539=DIRECTION('',(1.,0.,0.));
#1540=DIRECTION('center_axis',(1.,0.,0.));
#1541=DIRECTION('ref_axis',(0.,-2.83276944882399E-16,-1.));
#1542=DIRECTION('center_axis',(1.,0.,0.));
#1543=DIRECTION('ref_axis',(0.,-0.707106781186548,-0.707106781186547));
#1544=DIRECTION('center_axis',(1.,0.,0.));
#1545=DIRECTION('ref_axis',(0.,-0.707106781186548,-0.707106781186547));
#1546=DIRECTION('center_axis',(-1.,0.,0.));
#1547=DIRECTION('ref_axis',(0.,-1.,2.83276944882399E-16));
#1548=DIRECTION('',(1.,0.,0.));
#1549=DIRECTION('center_axis',(1.,0.,0.));
#1550=DIRECTION('ref_axis',(0.,-0.707106781186548,-0.707106781186547));
#1551=DIRECTION('center_axis',(1.,0.,0.));
#1552=DIRECTION('ref_axis',(0.,-0.707106781186548,-0.707106781186547));
#1553=DIRECTION('center_axis',(-1.,0.,0.));
#1554=DIRECTION('ref_axis',(0.,-0.707106781186548,-0.707106781186547));
#1555=DIRECTION('',(1.,0.,0.));
#1556=DIRECTION('center_axis',(1.,0.,0.));
#1557=DIRECTION('ref_axis',(0.,-0.707106781186548,-0.707106781186547));
#1558=DIRECTION('center_axis',(1.,0.,0.));
#1559=DIRECTION('ref_axis',(0.,-0.707106781186548,-0.707106781186547));
#1560=DIRECTION('center_axis',(-1.,0.,0.));
#1561=DIRECTION('ref_axis',(0.,-0.707106781186548,-0.707106781186547));
#1562=DIRECTION('',(1.,0.,0.));
#1563=DIRECTION('center_axis',(0.,2.83276944882399E-16,1.));
#1564=DIRECTION('ref_axis',(0.,-1.,2.83276944882399E-16));
#1565=DIRECTION('',(0.,1.,-2.28292802879865E-16));
#1566=DIRECTION('center_axis',(0.,-1.38133836942083E-17,1.));
#1567=DIRECTION('ref_axis',(1.,0.,0.));
#1568=DIRECTION('',(0.,1.,-2.28292802879865E-16));
#1569=DIRECTION('',(0.,-1.,2.83276944882399E-16));
#1570=DIRECTION('center_axis',(0.,2.83276944882399E-16,1.));
#1571=DIRECTION('ref_axis',(0.,-1.,2.83276944882399E-16));
#1572=DIRECTION('',(0.,1.,-2.28292802879865E-16));
#1573=DIRECTION('',(0.,1.,-2.28292802879865E-16));
#1574=DIRECTION('center_axis',(0.,-1.38133836942083E-17,1.));
#1575=DIRECTION('ref_axis',(1.,0.,0.));
#1576=DIRECTION('center_axis',(0.,2.83276944882399E-16,1.));
#1577=DIRECTION('ref_axis',(0.,-1.,2.83276944882399E-16));
#1578=DIRECTION('',(0.,1.,-2.28292802879865E-16));
#1579=DIRECTION('center_axis',(0.,-1.38133836942083E-17,1.));
#1580=DIRECTION('ref_axis',(1.,0.,0.));
#1581=DIRECTION('',(0.,1.,-2.28292802879865E-16));
#1582=DIRECTION('center_axis',(0.,2.83276944882399E-16,1.));
#1583=DIRECTION('ref_axis',(0.,-1.,2.83276944882399E-16));
#1584=DIRECTION('',(0.,1.,-2.28292802879865E-16));
#1585=DIRECTION('',(0.,1.,-2.28292802879865E-16));
#1586=DIRECTION('center_axis',(0.,2.83276944882399E-16,1.));
#1587=DIRECTION('ref_axis',(0.,-1.,2.83276944882399E-16));
#1588=DIRECTION('',(0.,1.,-2.28292802879865E-16));
#1589=DIRECTION('',(0.,1.,-2.83276944882399E-16));
#1590=DIRECTION('center_axis',(0.,2.83276944882399E-16,1.));
#1591=DIRECTION('ref_axis',(0.,-1.,2.83276944882399E-16));
#1592=DIRECTION('',(0.,1.,-2.28292802879865E-16));
#1593=DIRECTION('',(1.,0.,0.));
#1594=DIRECTION('',(0.,1.,-2.28292802879865E-16));
#1595=DIRECTION('center_axis',(0.,-2.83276944882399E-16,-1.));
#1596=DIRECTION('ref_axis',(0.,1.,-2.83276944882399E-16));
#1597=DIRECTION('',(0.,-1.,2.83276944882399E-16));
#1598=DIRECTION('',(1.,0.,0.));
#1599=DIRECTION('',(0.,1.,-2.83276944882399E-16));
#1600=DIRECTION('',(-1.,0.,0.));
#1601=DIRECTION('center_axis',(0.,-1.38133836942083E-17,1.));
#1602=DIRECTION('ref_axis',(1.,0.,0.));
#1603=DIRECTION('center_axis',(-0.408248290463863,0.408248290463863,-0.816496580927726));
#1604=DIRECTION('ref_axis',(-0.577350269189626,0.577350269189626,0.577350269189626));
#1605=DIRECTION('center_axis',(0.,1.,-2.83276944882399E-16));
#1606=DIRECTION('ref_axis',(0.,2.83276944882399E-16,1.));
#1607=DIRECTION('center_axis',(-1.,0.,0.));
#1608=DIRECTION('ref_axis',(0.,1.,-2.83276944882399E-16));
#1609=DIRECTION('center_axis',(0.,2.83276944882399E-16,1.));
#1610=DIRECTION('ref_axis',(-1.,0.,0.));
#1611=DIRECTION('center_axis',(0.408248290463863,-0.408248290463863,-0.816496580927726));
#1612=DIRECTION('ref_axis',(-0.577350269189626,0.577350269189625,-0.577350269189626));
#1613=DIRECTION('center_axis',(0.,1.,-2.83276944882399E-16));
#1614=DIRECTION('ref_axis',(-1.,0.,0.));
#1615=DIRECTION('center_axis',(0.,-2.83276944882399E-16,-1.));
#1616=DIRECTION('ref_axis',(0.,1.,-2.83276944882399E-16));
#1617=DIRECTION('center_axis',(0.,2.83276944882399E-16,1.));
#1618=DIRECTION('ref_axis',(-0.707106781186548,0.707106781186548,-2.00307048680152E-16));
#1619=DIRECTION('',(0.,-2.83276944882399E-16,-1.));
#1620=DIRECTION('',(0.,2.83276944882399E-16,1.));
#1621=DIRECTION('center_axis',(0.408248290463863,0.408248290463863,-0.816496580927726));
#1622=DIRECTION('ref_axis',(0.577350269189626,0.577350269189626,0.577350269189626));
#1623=DIRECTION('center_axis',(0.,1.,-2.83276944882399E-16));
#1624=DIRECTION('ref_axis',(1.,0.,0.));
#1625=DIRECTION('center_axis',(0.,2.83276944882399E-16,1.));
#1626=DIRECTION('ref_axis',(0.,1.,-2.83276944882399E-16));
#1627=DIRECTION('center_axis',(1.,0.,0.));
#1628=DIRECTION('ref_axis',(0.,2.83276944882399E-16,1.));
#1629=DIRECTION('center_axis',(-0.408248290463863,-0.408248290463863,-0.816496580927726));
#1630=DIRECTION('ref_axis',(-0.577350269189626,-0.577350269189625,0.577350269189626));
#1631=DIRECTION('center_axis',(0.,2.83276944882399E-16,1.));
#1632=DIRECTION('ref_axis',(0.,-1.,2.83276944882399E-16));
#1633=DIRECTION('center_axis',(-1.,0.,0.));
#1634=DIRECTION('ref_axis',(0.,2.83276944882399E-16,1.));
#1635=DIRECTION('center_axis',(0.,-1.,2.83276944882399E-16));
#1636=DIRECTION('ref_axis',(-1.,0.,0.));
#1637=DIRECTION('center_axis',(-0.408248290463863,-0.408248290463863,-0.816496580927726));
#1638=DIRECTION('ref_axis',(0.577350269189626,0.577350269189625,-0.577350269189626));
#1639=DIRECTION('center_axis',(0.,-2.83276944882399E-16,-1.));
#1640=DIRECTION('ref_axis',(1.,0.,0.));
#1641=DIRECTION('center_axis',(0.,1.,-2.83276944882399E-16));
#1642=DIRECTION('ref_axis',(0.,-2.83276944882399E-16,-1.));
#1643=DIRECTION('center_axis',(0.408248290463863,0.408248290463863,-0.816496580927726));
#1644=DIRECTION('ref_axis',(-0.577350269189626,-0.577350269189626,-0.577350269189626));
#1645=DIRECTION('center_axis',(0.,-2.83276944882399E-16,-1.));
#1646=DIRECTION('ref_axis',(-1.,0.,0.));
#1647=DIRECTION('center_axis',(0.,-1.,2.83276944882399E-16));
#1648=DIRECTION('ref_axis',(0.,-2.83276944882399E-16,-1.));
#1649=DIRECTION('center_axis',(0.,-2.83276944882399E-16,-1.));
#1650=DIRECTION('ref_axis',(-0.707106781186548,-0.707106781186548,2.00307048680152E-16));
#1651=DIRECTION('',(0.,-2.83276944882399E-16,-1.));
#1652=DIRECTION('center_axis',(0.,1.,-2.83276944882399E-16));
#1653=DIRECTION('ref_axis',(-0.707106781186548,-2.00307048680152E-16,-0.707106781186548));
#1654=DIRECTION('',(0.,1.,-2.83276944882399E-16));
#1655=DIRECTION('center_axis',(0.408248290463863,-0.408248290463863,-0.816496580927726));
#1656=DIRECTION('ref_axis',(0.577350269189626,-0.577350269189625,0.577350269189626));
#1657=DIRECTION('center_axis',(1.,0.,0.));
#1658=DIRECTION('ref_axis',(0.,-1.,2.83276944882399E-16));
#1659=DIRECTION('center_axis',(0.,2.83276944882399E-16,1.));
#1660=DIRECTION('ref_axis',(1.,0.,0.));
#1661=DIRECTION('center_axis',(0.,-1.,2.83276944882399E-16));
#1662=DIRECTION('ref_axis',(0.,2.83276944882399E-16,1.));
#1663=DIRECTION('center_axis',(-0.408248290463863,0.408248290463863,-0.816496580927726));
#1664=DIRECTION('ref_axis',(0.577350269189626,-0.577350269189626,-0.577350269189626));
#1665=DIRECTION('center_axis',(0.,-1.,2.83276944882399E-16));
#1666=DIRECTION('ref_axis',(1.,0.,0.));
#1667=DIRECTION('center_axis',(0.,-2.83276944882399E-16,-1.));
#1668=DIRECTION('ref_axis',(0.,-1.,2.83276944882399E-16));
#1669=DIRECTION('center_axis',(0.,2.83276944882399E-16,1.));
#1670=DIRECTION('ref_axis',(0.707106781186548,-0.707106781186548,2.00307048680152E-16));
#1671=DIRECTION('',(0.,2.83276944882399E-16,1.));
#1672=DIRECTION('center_axis',(1.,0.,0.));
#1673=DIRECTION('ref_axis',(0.,-0.707106781186548,-0.707106781186547));
#1674=DIRECTION('center_axis',(1.,0.,0.));
#1675=DIRECTION('ref_axis',(0.,-0.707106781186548,-0.707106781186547));
#1676=DIRECTION('center_axis',(-1.,0.,0.));
#1677=DIRECTION('ref_axis',(0.,-0.707106781186548,-0.707106781186547));
#1678=DIRECTION('center_axis',(0.,1.,-2.83276944882399E-16));
#1679=DIRECTION('ref_axis',(0.707106781186548,-2.00307048680152E-16,-0.707106781186548));
#1680=DIRECTION('',(0.,-1.,2.83276944882399E-16));
#1681=DIRECTION('center_axis',(0.,1.,-2.83276944882399E-16));
#1682=DIRECTION('ref_axis',(0.707106781186548,2.00307048680152E-16,0.707106781186548));
#1683=DIRECTION('',(0.,1.,-2.83276944882399E-16));
#1684=DIRECTION('center_axis',(-1.,0.,0.));
#1685=DIRECTION('ref_axis',(0.,-0.707106781186547,0.707106781186548));
#1686=DIRECTION('center_axis',(0.,-2.83276944882399E-16,-1.));
#1687=DIRECTION('ref_axis',(0.707106781186548,0.707106781186548,-2.00307048680152E-16));
#1688=DIRECTION('',(0.,2.83276944882399E-16,1.));
#1689=DIRECTION('',(0.,-2.83276944882399E-16,-1.));
#1690=DIRECTION('center_axis',(0.,1.,-2.83276944882399E-16));
#1691=DIRECTION('ref_axis',(-0.707106781186548,2.00307048680152E-16,0.707106781186548));
#1692=DIRECTION('',(0.,-1.,2.83276944882399E-16));
#1693=DIRECTION('center_axis',(1.,0.,0.));
#1694=DIRECTION('ref_axis',(0.,0.707106781186548,0.707106781186547));
#1695=DIRECTION('',(-1.,0.,0.));
#1696=DIRECTION('center_axis',(0.,-1.,2.83276944882399E-16));
#1697=DIRECTION('ref_axis',(1.,0.,0.));
#1698=DIRECTION('',(0.,2.83276944882399E-16,1.));
#1699=DIRECTION('',(0.,-2.83276944882399E-16,-1.));
#1700=DIRECTION('',(1.,0.,0.));
#1701=DIRECTION('',(0.,2.83276944882399E-16,1.));
#1702=DIRECTION('',(0.,-2.83276944882399E-16,-1.));
#1703=DIRECTION('',(1.,0.,0.));
#1704=DIRECTION('',(0.,2.83276944882399E-16,1.));
#1705=DIRECTION('',(0.,-2.83276944882399E-16,-1.));
#1706=DIRECTION('',(1.,0.,0.));
#1707=DIRECTION('',(0.,2.83276944882399E-16,1.));
#1708=DIRECTION('',(0.,-2.83276944882399E-16,-1.));
#1709=DIRECTION('',(1.,0.,0.));
#1710=DIRECTION('center_axis',(1.,0.,0.));
#1711=DIRECTION('ref_axis',(0.,1.,-2.83276944882399E-16));
#1712=DIRECTION('center_axis',(-1.,0.,0.));
#1713=DIRECTION('ref_axis',(0.,-1.,2.83276944882399E-16));
#1714=DIRECTION('center_axis',(0.,-1.38133836942083E-17,1.));
#1715=DIRECTION('ref_axis',(1.,0.,0.));
#1716=DIRECTION('center_axis',(0.,-2.28292802879865E-16,-1.));
#1717=DIRECTION('ref_axis',(-1.,0.,0.));
#1718=DIRECTION('',(0.,1.,-2.28292802879865E-16));
#1719=DIRECTION('',(-1.,0.,0.));
#1720=DIRECTION('',(0.,1.,-2.28292802879865E-16));
#1721=DIRECTION('center_axis',(0.,-2.28292802879865E-16,-1.));
#1722=DIRECTION('ref_axis',(-1.,0.,0.));
#1723=DIRECTION('',(0.,1.,-2.28292802879865E-16));
#1724=DIRECTION('',(1.,0.,0.));
#1725=DIRECTION('',(0.,1.,-2.28292802879865E-16));
#1726=DIRECTION('center_axis',(1.,0.,0.));
#1727=DIRECTION('ref_axis',(0.,0.,-1.));
#1728=DIRECTION('',(0.,1.,-2.28292802879865E-16));
#1729=DIRECTION('',(0.,-8.22121536507234E-16,-1.));
#1730=DIRECTION('center_axis',(-1.,0.,0.));
#1731=DIRECTION('ref_axis',(0.,0.,1.));
#1732=DIRECTION('',(0.,8.22121536507234E-16,1.));
#1733=DIRECTION('',(0.,1.,-2.28292802879865E-16));
#1734=DIRECTION('center_axis',(-1.,0.,0.));
#1735=DIRECTION('ref_axis',(0.,0.,1.));
#1736=DIRECTION('',(0.,1.,-2.28292802879865E-16));
#1737=DIRECTION('',(0.,-8.22121536507234E-16,-1.));
#1738=DIRECTION('center_axis',(0.,-1.,8.22121536507234E-16));
#1739=DIRECTION('ref_axis',(0.,-8.22121536507234E-16,-1.));
#1740=DIRECTION('',(1.,0.,0.));
#1741=DIRECTION('center_axis',(0.,-1.,8.22121536507234E-16));
#1742=DIRECTION('ref_axis',(0.,-8.22121536507234E-16,-1.));
#1743=DIRECTION('',(-1.,0.,0.));
#1744=DIRECTION('',(0.,8.22121536507234E-16,1.));
#1745=DIRECTION('center_axis',(1.,0.,0.));
#1746=DIRECTION('ref_axis',(0.,0.,-1.));
#1747=DIRECTION('',(0.,1.,-2.28292802879865E-16));
#1748=DIRECTION('center_axis',(0.,-2.28292802879865E-16,-1.));
#1749=DIRECTION('ref_axis',(-1.,0.,0.));
#1750=DIRECTION('',(0.,1.,-2.28292802879865E-16));
#1751=DIRECTION('',(-1.,0.,0.));
#1752=DIRECTION('',(0.,1.,-2.28292802879865E-16));
#1753=DIRECTION('center_axis',(0.,-2.28292802879865E-16,-1.));
#1754=DIRECTION('ref_axis',(-1.,0.,0.));
#1755=DIRECTION('',(0.,1.,-2.28292802879865E-16));
#1756=DIRECTION('',(1.,0.,0.));
#1757=DIRECTION('',(0.,1.,-2.28292802879865E-16));
#1758=DIRECTION('center_axis',(1.,0.,0.));
#1759=DIRECTION('ref_axis',(0.,0.,-1.));
#1760=DIRECTION('',(0.,1.,-2.28292802879865E-16));
#1761=DIRECTION('',(0.,-8.22121536507234E-16,-1.));
#1762=DIRECTION('center_axis',(-1.,0.,0.));
#1763=DIRECTION('ref_axis',(0.,0.,1.));
#1764=DIRECTION('',(0.,1.,-2.28292802879865E-16));
#1765=DIRECTION('',(0.,-8.22121536507234E-16,-1.));
#1766=DIRECTION('center_axis',(0.,-1.,8.22121536507234E-16));
#1767=DIRECTION('ref_axis',(0.,-8.22121536507234E-16,-1.));
#1768=DIRECTION('',(0.,8.22121536507234E-16,1.));
#1769=DIRECTION('',(1.,0.,0.));
#1770=DIRECTION('center_axis',(0.,-1.,8.22121536507234E-16));
#1771=DIRECTION('ref_axis',(0.,-8.22121536507234E-16,-1.));
#1772=DIRECTION('',(-1.,0.,0.));
#1773=DIRECTION('',(0.,8.22121536507234E-16,1.));
#1774=DIRECTION('center_axis',(0.,2.28292802879865E-16,1.));
#1775=DIRECTION('ref_axis',(1.,0.,0.));
#1776=DIRECTION('',(0.,1.,-2.28292802879865E-16));
#1777=DIRECTION('',(0.,1.,-2.28292802879865E-16));
#1778=DIRECTION('center_axis',(1.,0.,0.));
#1779=DIRECTION('ref_axis',(0.,0.,-1.));
#1780=DIRECTION('center_axis',(-1.,0.,0.));
#1781=DIRECTION('ref_axis',(0.,0.,1.));
#1782=DIRECTION('center_axis',(0.,-2.28292802879865E-16,-1.));
#1783=DIRECTION('ref_axis',(-1.,0.,0.));
#1784=DIRECTION('',(0.,1.,-2.28292802879865E-16));
#1785=DIRECTION('',(-1.,0.,0.));
#1786=DIRECTION('',(0.,1.,-2.28292802879865E-16));
#1787=DIRECTION('center_axis',(0.,-2.28292802879865E-16,-1.));
#1788=DIRECTION('ref_axis',(-1.,0.,0.));
#1789=DIRECTION('',(0.,1.,-2.28292802879865E-16));
#1790=DIRECTION('',(1.,0.,0.));
#1791=DIRECTION('',(0.,1.,-2.28292802879865E-16));
#1792=DIRECTION('center_axis',(1.,0.,0.));
#1793=DIRECTION('ref_axis',(0.,0.,-1.));
#1794=DIRECTION('',(0.,1.,-2.28292802879865E-16));
#1795=DIRECTION('',(0.,-8.22121536507234E-16,-1.));
#1796=DIRECTION('center_axis',(-1.,0.,0.));
#1797=DIRECTION('ref_axis',(0.,0.,1.));
#1798=DIRECTION('',(0.,1.,-2.28292802879865E-16));
#1799=DIRECTION('',(0.,-8.22121536507234E-16,-1.));
#1800=DIRECTION('center_axis',(0.,-1.,8.22121536507234E-16));
#1801=DIRECTION('ref_axis',(0.,-8.22121536507234E-16,-1.));
#1802=DIRECTION('',(0.,8.22121536507234E-16,1.));
#1803=DIRECTION('',(1.,0.,0.));
#1804=DIRECTION('center_axis',(0.,-1.,8.22121536507234E-16));
#1805=DIRECTION('ref_axis',(0.,-8.22121536507234E-16,-1.));
#1806=DIRECTION('',(-1.,0.,0.));
#1807=DIRECTION('',(0.,8.22121536507234E-16,1.));
#1808=DIRECTION('center_axis',(0.,2.28292802879865E-16,1.));
#1809=DIRECTION('ref_axis',(1.,0.,0.));
#1810=DIRECTION('',(0.,1.,-2.28292802879865E-16));
#1811=DIRECTION('',(0.,1.,-2.28292802879865E-16));
#1812=DIRECTION('center_axis',(1.,0.,0.));
#1813=DIRECTION('ref_axis',(0.,0.,-1.));
#1814=DIRECTION('center_axis',(-1.,0.,0.));
#1815=DIRECTION('ref_axis',(0.,0.,1.));
#1816=DIRECTION('center_axis',(0.,-2.28292802879865E-16,-1.));
#1817=DIRECTION('ref_axis',(-1.,0.,0.));
#1818=DIRECTION('',(0.,1.,-2.28292802879865E-16));
#1819=DIRECTION('',(-1.,0.,0.));
#1820=DIRECTION('',(0.,1.,-2.28292802879865E-16));
#1821=DIRECTION('center_axis',(0.,-2.28292802879865E-16,-1.));
#1822=DIRECTION('ref_axis',(-1.,0.,0.));
#1823=DIRECTION('',(0.,1.,-2.28292802879865E-16));
#1824=DIRECTION('',(1.,0.,0.));
#1825=DIRECTION('',(0.,1.,-2.28292802879865E-16));
#1826=DIRECTION('center_axis',(1.,0.,0.));
#1827=DIRECTION('ref_axis',(0.,0.,-1.));
#1828=DIRECTION('',(0.,1.,-2.28292802879865E-16));
#1829=DIRECTION('',(0.,-8.22121536507234E-16,-1.));
#1830=DIRECTION('center_axis',(-1.,0.,0.));
#1831=DIRECTION('ref_axis',(0.,0.,1.));
#1832=DIRECTION('',(0.,1.,-2.28292802879865E-16));
#1833=DIRECTION('',(0.,-8.22121536507234E-16,-1.));
#1834=DIRECTION('center_axis',(0.,-1.,8.22121536507234E-16));
#1835=DIRECTION('ref_axis',(0.,-8.22121536507234E-16,-1.));
#1836=DIRECTION('',(0.,8.22121536507234E-16,1.));
#1837=DIRECTION('',(1.,0.,0.));
#1838=DIRECTION('center_axis',(0.,-1.,8.22121536507234E-16));
#1839=DIRECTION('ref_axis',(0.,-8.22121536507234E-16,-1.));
#1840=DIRECTION('',(-1.,0.,0.));
#1841=DIRECTION('',(0.,8.22121536507234E-16,1.));
#1842=DIRECTION('center_axis',(0.,2.28292802879865E-16,1.));
#1843=DIRECTION('ref_axis',(1.,0.,0.));
#1844=DIRECTION('',(0.,1.,-2.28292802879865E-16));
#1845=DIRECTION('',(0.,1.,-2.28292802879865E-16));
#1846=DIRECTION('center_axis',(1.,0.,0.));
#1847=DIRECTION('ref_axis',(0.,0.,-1.));
#1848=DIRECTION('center_axis',(-1.,0.,0.));
#1849=DIRECTION('ref_axis',(0.,0.,1.));
#1850=CARTESIAN_POINT('',(0.,0.,0.));
#1851=CARTESIAN_POINT('Origin',(0.0249992370605501,1.53177519262316,0.249999999999998));
#1852=CARTESIAN_POINT('',(-1.1,1.53177519262316,-1.57534150819067E-15));
#1853=CARTESIAN_POINT('',(-1.1,1.78177519262316,0.249999999999998));
#1854=CARTESIAN_POINT('Origin',(-1.1,1.53177519262316,0.249999999999998));
#1855=CARTESIAN_POINT('',(-1.22500076293945,1.53177519262316,-1.57534150819067E-15));
#1856=CARTESIAN_POINT('',(0.0249992370605501,1.53177519262316,-1.57534150819067E-15));
#1857=CARTESIAN_POINT('',(-1.22500076293945,1.78177519262316,0.249999999999998));
#1858=CARTESIAN_POINT('Origin',(-1.22500076293945,1.53177519262316,0.249999999999998));
#1859=CARTESIAN_POINT('',(0.0249992370605501,1.78177519262316,0.249999999999998));
#1860=CARTESIAN_POINT('Origin',(0.0249992370605501,1.53177519262316,0.249999999999998));
#1861=CARTESIAN_POINT('',(-0.499999999999998,1.53177519262316,-1.57534150819067E-15));
#1862=CARTESIAN_POINT('',(-0.499999999999998,1.78177519262316,0.249999999999998));
#1863=CARTESIAN_POINT('Origin',(-0.499999999999998,1.53177519262316,0.249999999999998));
#1864=CARTESIAN_POINT('',(-0.800000000000001,1.53177519262316,-1.57534150819067E-15));
#1865=CARTESIAN_POINT('',(0.0249992370605501,1.53177519262316,-1.57534150819067E-15));
#1866=CARTESIAN_POINT('',(-0.800000000000001,1.78177519262316,0.249999999999998));
#1867=CARTESIAN_POINT('Origin',(-0.800000000000001,1.53177519262316,0.249999999999998));
#1868=CARTESIAN_POINT('',(0.0249992370605501,1.78177519262316,0.249999999999998));
#1869=CARTESIAN_POINT('Origin',(0.0249992370605501,1.53177519262316,0.249999999999998));
#1870=CARTESIAN_POINT('',(0.149999999999999,1.53177519262316,-1.57534150819067E-15));
#1871=CARTESIAN_POINT('',(0.149999999999999,1.78177519262316,0.249999999999998));
#1872=CARTESIAN_POINT('Origin',(0.149999999999999,1.53177519262316,0.249999999999998));
#1873=CARTESIAN_POINT('',(-0.200000000000002,1.53177519262316,-1.57534150819067E-15));
#1874=CARTESIAN_POINT('',(0.0249992370605501,1.53177519262316,-1.57534150819067E-15));
#1875=CARTESIAN_POINT('',(-0.200000000000002,1.78177519262316,0.249999999999998));
#1876=CARTESIAN_POINT('Origin',(-0.200000000000002,1.53177519262316,0.249999999999998));
#1877=CARTESIAN_POINT('',(0.0249992370605501,1.78177519262316,0.249999999999998));
#1878=CARTESIAN_POINT('Origin',(0.0249992370605501,1.53177519262316,0.249999999999998));
#1879=CARTESIAN_POINT('',(1.10000000000002,1.78177519262316,0.249999999999998));
#1880=CARTESIAN_POINT('',(1.10000000000002,1.53177519262316,-1.57534150819067E-15));
#1881=CARTESIAN_POINT('Origin',(1.10000000000002,1.53177519262316,0.249999999999998));
#1882=CARTESIAN_POINT('',(1.27499923706055,1.78177519262316,0.249999999999998));
#1883=CARTESIAN_POINT('',(0.0249992370605501,1.78177519262316,0.249999999999998));
#1884=CARTESIAN_POINT('',(1.27499923706055,1.53177519262316,-1.57534150819067E-15));
#1885=CARTESIAN_POINT('Origin',(1.27499923706055,1.53177519262316,0.249999999999998));
#1886=CARTESIAN_POINT('',(0.0249992370605501,1.53177519262316,-1.57534150819067E-15));
#1887=CARTESIAN_POINT('Origin',(0.0249992370605501,1.53177519262316,0.249999999999998));
#1888=CARTESIAN_POINT('',(0.800000000000023,1.53177519262316,-1.57534150819067E-15));
#1889=CARTESIAN_POINT('',(0.800000000000023,1.78177519262316,0.249999999999998));
#1890=CARTESIAN_POINT('Origin',(0.800000000000023,1.53177519262316,0.249999999999998));
#1891=CARTESIAN_POINT('',(0.449999999999997,1.53177519262316,-1.57534150819067E-15));
#1892=CARTESIAN_POINT('',(0.0249992370605501,1.53177519262316,-1.57534150819067E-15));
#1893=CARTESIAN_POINT('',(0.449999999999997,1.78177519262316,0.249999999999998));
#1894=CARTESIAN_POINT('Origin',(0.449999999999997,1.53177519262316,0.249999999999998));
#1895=CARTESIAN_POINT('',(0.0249992370605501,1.78177519262316,0.249999999999998));
#1896=CARTESIAN_POINT('Origin',(0.0249992370605501,-1.21822480737684,0.549999999999999));
#1897=CARTESIAN_POINT('',(0.800000000000023,-1.21822480737684,0.5));
#1898=CARTESIAN_POINT('',(0.800000000000023,-1.21822480737684,0.249999999999999));
#1899=CARTESIAN_POINT('',(0.800000000000023,-1.21822480737684,0.399999999999999));
#1900=CARTESIAN_POINT('',(1.10000000000002,-1.21822480737684,0.5));
#1901=CARTESIAN_POINT('',(0.487499618530287,-1.21822480737684,0.5));
#1902=CARTESIAN_POINT('',(1.10000000000002,-1.21822480737684,0.249999999999999));
#1903=CARTESIAN_POINT('',(1.10000000000002,-1.21822480737684,0.399999999999999));
#1904=CARTESIAN_POINT('',(1.27499923706055,-1.21822480737684,0.249999999999999));
#1905=CARTESIAN_POINT('',(0.0249992370605501,-1.21822480737684,0.249999999999999));
#1906=CARTESIAN_POINT('',(1.27499923706055,-1.21822480737684,0.849999999999999));
#1907=CARTESIAN_POINT('',(1.27499923706055,-1.21822480737684,0.549999999999999));
#1908=CARTESIAN_POINT('',(-1.22500076293945,-1.21822480737684,0.849999999999999));
#1909=CARTESIAN_POINT('',(0.0249992370605501,-1.21822480737684,0.849999999999999));
#1910=CARTESIAN_POINT('',(-1.22500076293945,-1.21822480737684,0.249999999999999));
#1911=CARTESIAN_POINT('',(-1.22500076293945,-1.21822480737684,0.549999999999999));
#1912=CARTESIAN_POINT('',(-1.1,-1.21822480737684,0.249999999999999));
#1913=CARTESIAN_POINT('',(0.0249992370605501,-1.21822480737684,0.249999999999999));
#1914=CARTESIAN_POINT('',(-1.1,-1.21822480737684,0.499999999999999));
#1915=CARTESIAN_POINT('',(-1.1,-1.21822480737684,0.399999999999999));
#1916=CARTESIAN_POINT('',(-0.800000000000001,-1.21822480737684,0.499999999999999));
#1917=CARTESIAN_POINT('',(-0.462500381469724,-1.21822480737684,0.499999999999999));
#1918=CARTESIAN_POINT('',(-0.800000000000001,-1.21822480737684,0.249999999999999));
#1919=CARTESIAN_POINT('',(-0.800000000000001,-1.21822480737684,0.399999999999999));
#1920=CARTESIAN_POINT('',(-0.499999999999998,-1.21822480737684,0.249999999999999));
#1921=CARTESIAN_POINT('',(0.0249992370605501,-1.21822480737684,0.249999999999999));
#1922=CARTESIAN_POINT('',(-0.499999999999998,-1.21822480737684,0.499999999999999));
#1923=CARTESIAN_POINT('',(-0.499999999999998,-1.21822480737684,0.399999999999999));
#1924=CARTESIAN_POINT('',(-0.200000000000002,-1.21822480737684,0.499999999999999));
#1925=CARTESIAN_POINT('',(-0.162500381469726,-1.21822480737684,0.499999999999999));
#1926=CARTESIAN_POINT('',(-0.200000000000002,-1.21822480737684,0.249999999999999));
#1927=CARTESIAN_POINT('',(-0.200000000000002,-1.21822480737684,0.399999999999999));
#1928=CARTESIAN_POINT('',(0.149999999999999,-1.21822480737684,0.249999999999999));
#1929=CARTESIAN_POINT('',(0.0249992370605501,-1.21822480737684,0.249999999999999));
#1930=CARTESIAN_POINT('',(0.149999999999999,-1.21822480737684,0.499999999999999));
#1931=CARTESIAN_POINT('',(0.149999999999999,-1.21822480737684,0.399999999999999));
#1932=CARTESIAN_POINT('',(0.449999999999997,-1.21822480737684,0.499999999999999));
#1933=CARTESIAN_POINT('',(0.162499618530274,-1.21822480737684,0.499999999999999));
#1934=CARTESIAN_POINT('',(0.449999999999997,-1.21822480737684,0.249999999999999));
#1935=CARTESIAN_POINT('',(0.449999999999997,-1.21822480737684,0.399999999999999));
#1936=CARTESIAN_POINT('',(0.0249992370605501,-1.21822480737684,0.249999999999999));
#1937=CARTESIAN_POINT('Origin',(0.0249992370605501,-0.968224807376837,0.249999999999999));
#1938=CARTESIAN_POINT('',(1.10000000000002,-0.968224807376837,-8.67149145984674E-16));
#1939=CARTESIAN_POINT('Origin',(1.10000000000002,-0.968224807376837,0.249999999999999));
#1940=CARTESIAN_POINT('',(1.27499923706055,-0.968224807376837,-8.67149145984674E-16));
#1941=CARTESIAN_POINT('',(0.0249992370605501,-0.968224807376837,-8.67149145984674E-16));
#1942=CARTESIAN_POINT('Origin',(1.27499923706055,-0.968224807376837,0.249999999999999));
#1943=CARTESIAN_POINT('Origin',(0.0249992370605501,-0.968224807376837,0.249999999999999));
#1944=CARTESIAN_POINT('',(-1.1,-0.968224807376837,-8.67149145984674E-16));
#1945=CARTESIAN_POINT('Origin',(-1.1,-0.968224807376837,0.249999999999999));
#1946=CARTESIAN_POINT('',(-1.22500076293945,-0.968224807376837,-8.67149145984674E-16));
#1947=CARTESIAN_POINT('Origin',(-1.22500076293945,-0.968224807376837,0.249999999999999));
#1948=CARTESIAN_POINT('',(0.0249992370605501,-0.968224807376837,-8.67149145984674E-16));
#1949=CARTESIAN_POINT('Origin',(0.0249992370605501,-0.968224807376837,0.249999999999999));
#1950=CARTESIAN_POINT('',(-0.499999999999998,-0.968224807376837,-8.67149145984674E-16));
#1951=CARTESIAN_POINT('Origin',(-0.499999999999998,-0.968224807376837,0.249999999999999));
#1952=CARTESIAN_POINT('',(-0.800000000000001,-0.968224807376837,-8.67149145984674E-16));
#1953=CARTESIAN_POINT('Origin',(-0.800000000000001,-0.968224807376837,0.249999999999999));
#1954=CARTESIAN_POINT('',(0.0249992370605501,-0.968224807376837,-8.67149145984674E-16));
#1955=CARTESIAN_POINT('Origin',(0.0249992370605501,-0.968224807376837,0.249999999999999));
#1956=CARTESIAN_POINT('',(0.149999999999999,-0.968224807376837,-8.67149145984674E-16));
#1957=CARTESIAN_POINT('Origin',(0.149999999999999,-0.968224807376837,0.249999999999999));
#1958=CARTESIAN_POINT('',(-0.200000000000002,-0.968224807376837,-8.67149145984674E-16));
#1959=CARTESIAN_POINT('Origin',(-0.200000000000002,-0.968224807376837,0.249999999999999));
#1960=CARTESIAN_POINT('',(0.0249992370605501,-0.968224807376837,-8.67149145984674E-16));
#1961=CARTESIAN_POINT('Origin',(0.0249992370605501,0.281775192623163,-1.22124532708767E-15));
#1962=CARTESIAN_POINT('',(-1.1,-0.288273831697196,-4.74366405181632E-16));
#1963=CARTESIAN_POINT('',(-1.1,0.331775192623163,-1.82936287191826E-15));
#1964=CARTESIAN_POINT('',(-1.1,-0.798175783056478,-4.81409876482183E-16));
#1965=CARTESIAN_POINT('Origin',(-0.824999999999998,-0.543224807376837,-4.59412936528159E-16));
#1966=CARTESIAN_POINT('',(-1.1,0.331775192623163,-1.82936287191826E-15));
#1967=CARTESIAN_POINT('',(-1.22500076293945,0.281775192623163,-1.22124532708767E-15));
#1968=CARTESIAN_POINT('Origin',(0.0249992370605501,0.281775192623163,-1.22124532708767E-15));
#1969=CARTESIAN_POINT('',(-0.499999999999998,-0.730307676715535,-4.80472388288697E-16));
#1970=CARTESIAN_POINT('',(-0.499999999999998,0.331775192623163,-1.80160729630263E-15));
#1971=CARTESIAN_POINT('',(-0.800000000000001,-0.917390546054231,-4.83056635745485E-16));
#1972=CARTESIAN_POINT('',(-0.800000000000001,0.331775192623163,-1.82936287191826E-15));
#1973=CARTESIAN_POINT('Origin',(-0.824999999999998,-0.543224807376837,-4.59412936528159E-16));
#1974=CARTESIAN_POINT('Origin',(0.0249992370605501,0.281775192623163,-1.22124532708767E-15));
#1975=CARTESIAN_POINT('',(-0.499999999999998,-0.356141938038139,-4.75303893375119E-16));
#1976=CARTESIAN_POINT('',(-0.499999999999998,0.331775192623163,-1.80160729630263E-15));
#1977=CARTESIAN_POINT('',(-0.800000000000001,-0.169059068699442,-4.7271964591833E-16));
#1978=CARTESIAN_POINT('Origin',(-0.824999999999998,-0.543224807376837,-4.59412936528159E-16));
#1979=CARTESIAN_POINT('',(-0.800000000000001,0.331775192623163,-1.82936287191826E-15));
#1980=CARTESIAN_POINT('Origin',(0.0249992370605501,0.281775192623163,-1.22124532708767E-15));
#1981=CARTESIAN_POINT('',(0.149999999999999,0.331775192623163,-1.80160729630263E-15));
#1982=CARTESIAN_POINT('',(-0.200000000000002,0.331775192623163,-1.80160729630263E-15));
#1983=CARTESIAN_POINT('Origin',(0.0249992370605501,0.281775192623163,-1.22124532708767E-15));
#1984=CARTESIAN_POINT('',(1.10000000000002,0.331775192623163,-1.21874020837442E-15));
#1985=CARTESIAN_POINT('',(1.27499923706055,0.281775192623163,-1.22124532708767E-15));
#1986=CARTESIAN_POINT('Origin',(0.0249992370605501,0.281775192623163,-1.22124532708767E-15));
#1987=CARTESIAN_POINT('',(0.800000000000023,-0.968224807376837,-8.67149145984674E-16));
#1988=CARTESIAN_POINT('',(0.800000000000023,0.331775192623163,-1.21874020837442E-15));
#1989=CARTESIAN_POINT('',(0.449999999999997,-0.968224807376837,-8.67149145984674E-16));
#1990=CARTESIAN_POINT('',(0.0249992370605501,-0.968224807376837,-8.67149145984674E-16));
#1991=CARTESIAN_POINT('',(0.449999999999997,0.331775192623163,-1.80160729630263E-15));
#1992=CARTESIAN_POINT('Origin',(0.0249992370605501,0.281775192623163,1.1));
#1993=CARTESIAN_POINT('',(1.27499923706055,1.53177519262316,1.1));
#1994=CARTESIAN_POINT('',(1.27499923706055,-0.968224807376837,1.1));
#1995=CARTESIAN_POINT('',(1.27499923706055,0.281775192623163,1.1));
#1996=CARTESIAN_POINT('',(-1.22500076293945,1.53177519262316,1.1));
#1997=CARTESIAN_POINT('',(0.0249992370605501,1.53177519262316,1.1));
#1998=CARTESIAN_POINT('',(-1.22500076293945,-0.968224807376837,1.1));
#1999=CARTESIAN_POINT('',(-1.22500076293945,0.281775192623163,1.1));
#2000=CARTESIAN_POINT('',(0.0249992370605501,-0.968224807376837,1.1));
#2001=CARTESIAN_POINT('',(-1.2,-0.543224807376837,1.1));
#2002=CARTESIAN_POINT('Origin',(-0.824999999999998,-0.543224807376837,1.1));
#2003=CARTESIAN_POINT('Origin',(-1.22500076293945,1.53177519262316,0.849999999999999));
#2004=CARTESIAN_POINT('',(-1.47500076293945,1.53177519262316,0.849999999999999));
#2005=CARTESIAN_POINT('Origin',(-1.22500076293945,1.53177519262316,0.849999999999999));
#2006=CARTESIAN_POINT('',(-1.22500076293945,1.78177519262316,0.849999999999999));
#2007=CARTESIAN_POINT('Origin',(-1.22500076293945,1.53177519262316,0.849999999999999));
#2008=CARTESIAN_POINT('Origin',(-1.22500076293945,1.53177519262316,0.849999999999999));
#2009=CARTESIAN_POINT('Origin',(-1.22500076293945,1.53177519262316,0.249999999999998));
#2010=CARTESIAN_POINT('',(-1.47500076293945,1.53177519262316,0.249999999999998));
#2011=CARTESIAN_POINT('Origin',(-1.22500076293945,1.53177519262316,0.249999999999998));
#2012=CARTESIAN_POINT('Origin',(-1.22500076293945,1.53177519262316,0.249999999999998));
#2013=CARTESIAN_POINT('Origin',(-1.22500076293945,1.53177519262316,0.549999999999998));
#2014=CARTESIAN_POINT('',(-1.22500076293945,1.78177519262316,0.549999999999998));
#2015=CARTESIAN_POINT('',(-1.47500076293945,1.53177519262316,0.549999999999998));
#2016=CARTESIAN_POINT('Origin',(1.27499923706055,1.53177519262316,0.849999999999999));
#2017=CARTESIAN_POINT('',(1.52499923706055,1.53177519262316,0.849999999999999));
#2018=CARTESIAN_POINT('Origin',(1.27499923706055,1.53177519262316,0.849999999999999));
#2019=CARTESIAN_POINT('',(1.27499923706055,1.78177519262316,0.849999999999999));
#2020=CARTESIAN_POINT('Origin',(1.27499923706055,1.53177519262316,0.849999999999999));
#2021=CARTESIAN_POINT('Origin',(1.27499923706055,1.53177519262316,0.849999999999999));
#2022=CARTESIAN_POINT('Origin',(-1.22500076293945,-0.968224807376837,0.849999999999999));
#2023=CARTESIAN_POINT('',(-1.47500076293945,-0.968224807376837,0.849999999999999));
#2024=CARTESIAN_POINT('Origin',(-1.22500076293945,-0.968224807376837,0.849999999999999));
#2025=CARTESIAN_POINT('Origin',(-1.22500076293945,-0.968224807376837,0.849999999999999));
#2026=CARTESIAN_POINT('Origin',(-1.22500076293945,-0.968224807376837,0.849999999999999));
#2027=CARTESIAN_POINT('Origin',(1.27499923706055,1.53177519262316,0.249999999999998));
#2028=CARTESIAN_POINT('',(1.52499923706055,1.53177519262316,0.249999999999998));
#2029=CARTESIAN_POINT('Origin',(1.27499923706055,1.53177519262316,0.249999999999998));
#2030=CARTESIAN_POINT('Origin',(1.27499923706055,1.53177519262316,0.249999999999998));
#2031=CARTESIAN_POINT('Origin',(-1.22500076293945,-0.968224807376837,0.249999999999999));
#2032=CARTESIAN_POINT('',(-1.47500076293945,-0.968224807376837,0.249999999999999));
#2033=CARTESIAN_POINT('Origin',(-1.22500076293945,-0.968224807376837,0.249999999999999));
#2034=CARTESIAN_POINT('Origin',(-1.22500076293945,-0.968224807376837,0.249999999999999));
#2035=CARTESIAN_POINT('Origin',(-1.22500076293945,-0.968224807376837,0.549999999999999));
#2036=CARTESIAN_POINT('',(-1.47500076293945,-0.968224807376837,0.549999999999999));
#2037=CARTESIAN_POINT('Origin',(-1.22500076293945,0.281775192623163,0.249999999999999));
#2038=CARTESIAN_POINT('',(-1.47500076293945,0.281775192623163,0.249999999999999));
#2039=CARTESIAN_POINT('Origin',(1.27499923706055,-0.968224807376837,0.849999999999999));
#2040=CARTESIAN_POINT('Origin',(1.27499923706055,-0.968224807376837,0.849999999999999));
#2041=CARTESIAN_POINT('',(1.52499923706055,-0.968224807376837,0.849999999999999));
#2042=CARTESIAN_POINT('Origin',(1.27499923706055,-0.968224807376837,0.849999999999999));
#2043=CARTESIAN_POINT('Origin',(1.27499923706055,-0.968224807376837,0.849999999999999));
#2044=CARTESIAN_POINT('Origin',(1.27499923706055,-0.968224807376837,0.249999999999999));
#2045=CARTESIAN_POINT('',(1.52499923706055,-0.968224807376837,0.249999999999999));
#2046=CARTESIAN_POINT('Origin',(1.27499923706055,-0.968224807376837,0.249999999999999));
#2047=CARTESIAN_POINT('Origin',(1.27499923706055,-0.968224807376837,0.249999999999999));
#2048=CARTESIAN_POINT('Origin',(1.27499923706055,-0.968224807376837,0.549999999999999));
#2049=CARTESIAN_POINT('',(1.52499923706055,-0.968224807376837,0.549999999999999));
#2050=CARTESIAN_POINT('Origin',(0.0249992370605501,-0.968224807376837,0.249999999999999));
#2051=CARTESIAN_POINT('Origin',(0.800000000000023,-0.968224807376837,0.249999999999999));
#2052=CARTESIAN_POINT('Origin',(0.449999999999997,-0.968224807376837,0.249999999999999));
#2053=CARTESIAN_POINT('Origin',(1.27499923706055,0.281775192623163,0.249999999999999));
#2054=CARTESIAN_POINT('',(1.52499923706055,0.281775192623163,0.249999999999999));
#2055=CARTESIAN_POINT('Origin',(1.27499923706055,0.281775192623163,0.849999999999999));
#2056=CARTESIAN_POINT('',(1.52499923706055,0.281775192623163,0.849999999999999));
#2057=CARTESIAN_POINT('Origin',(0.0249992370605501,-0.968224807376837,0.849999999999999));
#2058=CARTESIAN_POINT('Origin',(1.27499923706055,1.53177519262316,0.549999999999998));
#2059=CARTESIAN_POINT('',(1.27499923706055,1.78177519262316,0.549999999999998));
#2060=CARTESIAN_POINT('',(1.52499923706055,1.53177519262316,0.549999999999998));
#2061=CARTESIAN_POINT('Origin',(-1.22500076293945,0.281775192623163,0.849999999999999));
#2062=CARTESIAN_POINT('',(-1.47500076293945,0.281775192623163,0.849999999999999));
#2063=CARTESIAN_POINT('Origin',(0.0249992370605501,1.53177519262316,0.849999999999999));
#2064=CARTESIAN_POINT('',(0.0249992370605501,1.78177519262316,0.849999999999999));
#2065=CARTESIAN_POINT('Origin',(0.0249992370605501,1.78177519262316,0.549999999999998));
#2066=CARTESIAN_POINT('',(0.800000000000023,1.78177519262316,0.499999999999999));
#2067=CARTESIAN_POINT('',(0.800000000000023,1.78177519262316,0.399999999999999));
#2068=CARTESIAN_POINT('',(0.449999999999997,1.78177519262316,0.499999999999999));
#2069=CARTESIAN_POINT('',(0.449999999999997,1.78177519262316,0.399999999999998));
#2070=CARTESIAN_POINT('',(0.149999999999999,1.78177519262316,0.499999999999999));
#2071=CARTESIAN_POINT('',(0.162499618530274,1.78177519262316,0.499999999999999));
#2072=CARTESIAN_POINT('',(0.149999999999999,1.78177519262316,0.399999999999998));
#2073=CARTESIAN_POINT('',(-0.200000000000002,1.78177519262316,0.499999999999999));
#2074=CARTESIAN_POINT('',(-0.200000000000002,1.78177519262316,0.399999999999998));
#2075=CARTESIAN_POINT('',(-0.499999999999998,1.78177519262316,0.499999999999999));
#2076=CARTESIAN_POINT('',(-0.162500381469726,1.78177519262316,0.499999999999999));
#2077=CARTESIAN_POINT('',(-0.499999999999998,1.78177519262316,0.399999999999998));
#2078=CARTESIAN_POINT('',(-0.800000000000001,1.78177519262316,0.499999999999999));
#2079=CARTESIAN_POINT('',(-0.800000000000001,1.78177519262316,0.399999999999998));
#2080=CARTESIAN_POINT('',(-1.1,1.78177519262316,0.499999999999999));
#2081=CARTESIAN_POINT('',(-0.462500381469724,1.78177519262316,0.499999999999999));
#2082=CARTESIAN_POINT('',(-1.1,1.78177519262316,0.399999999999998));
#2083=CARTESIAN_POINT('',(1.10000000000002,1.78177519262316,0.499999999999999));
#2084=CARTESIAN_POINT('',(1.10000000000002,1.78177519262316,0.399999999999999));
#2085=CARTESIAN_POINT('',(0.487499618530287,1.78177519262316,0.499999999999999));
#2086=CARTESIAN_POINT('Origin',(-1.47500076293945,0.281775192623163,0.549999999999999));
#2087=CARTESIAN_POINT('Origin',(1.52499923706055,0.281775192623163,0.549999999999999));
#2088=CARTESIAN_POINT('Origin',(-0.824999999999998,-0.543224807376837,1.1));
#2089=CARTESIAN_POINT('Origin',(-0.949999999999998,0.331775192623163,0.499999999999999));
#2090=CARTESIAN_POINT('',(-1.1,-2.11822480737684,0.499999999999999));
#2091=CARTESIAN_POINT('',(-1.1,0.331775192623163,0.499999999999999));
#2092=CARTESIAN_POINT('',(-0.800000000000001,-2.11822480737684,0.499999999999999));
#2093=CARTESIAN_POINT('',(-0.949999999999998,-2.11822480737684,0.499999999999999));
#2094=CARTESIAN_POINT('',(-0.800000000000001,0.331775192623163,0.499999999999999));
#2095=CARTESIAN_POINT('Origin',(-0.949999999999998,0.331775192623163,0.499999999999999));
#2096=CARTESIAN_POINT('',(-0.800000000000001,2.78177519262316,0.499999999999998));
#2097=CARTESIAN_POINT('',(-0.800000000000001,0.331775192623163,0.499999999999999));
#2098=CARTESIAN_POINT('',(-1.1,2.78177519262316,0.499999999999998));
#2099=CARTESIAN_POINT('',(-0.949999999999998,2.78177519262316,0.499999999999998));
#2100=CARTESIAN_POINT('',(-1.1,0.331775192623163,0.499999999999999));
#2101=CARTESIAN_POINT('Origin',(-1.1,0.331775192623163,0.249999999999999));
#2102=CARTESIAN_POINT('',(-1.1,-2.11822480737684,-1.27004550486259E-15));
#2103=CARTESIAN_POINT('',(-1.1,0.331775192623163,-1.82936287191826E-15));
#2104=CARTESIAN_POINT('',(-1.1,-2.11822480737684,0.249999999999999));
#2105=CARTESIAN_POINT('Origin',(-0.800000000000001,0.331775192623163,0.249999999999999));
#2106=CARTESIAN_POINT('',(-0.800000000000001,-2.11822480737684,-1.27004550486259E-15));
#2107=CARTESIAN_POINT('',(-0.800000000000001,-2.11822480737684,0.249999999999999));
#2108=CARTESIAN_POINT('',(-0.800000000000001,0.331775192623163,-1.82936287191826E-15));
#2109=CARTESIAN_POINT('Origin',(-0.800000000000001,0.331775192623163,0.249999999999999));
#2110=CARTESIAN_POINT('',(-0.800000000000001,2.78177519262316,-2.38868023897393E-15));
#2111=CARTESIAN_POINT('',(-0.800000000000001,0.331775192623163,-1.82936287191826E-15));
#2112=CARTESIAN_POINT('',(-0.800000000000001,2.78177519262316,0.249999999999998));
#2113=CARTESIAN_POINT('Origin',(-0.949999999999998,-2.11822480737684,0.249999999999999));
#2114=CARTESIAN_POINT('',(-0.949999999999998,-2.11822480737684,-1.27004550486259E-15));
#2115=CARTESIAN_POINT('Origin',(-0.949999999999998,2.78177519262316,0.249999999999998));
#2116=CARTESIAN_POINT('',(-1.1,2.78177519262316,-2.38868023897393E-15));
#2117=CARTESIAN_POINT('',(-0.949999999999998,2.78177519262316,-2.38868023897393E-15));
#2118=CARTESIAN_POINT('',(-1.1,2.78177519262316,0.249999999999998));
#2119=CARTESIAN_POINT('Origin',(-1.1,0.331775192623163,0.249999999999999));
#2120=CARTESIAN_POINT('',(-1.1,0.331775192623163,-1.82936287191826E-15));
#2121=CARTESIAN_POINT('Origin',(-0.350000000000001,0.331775192623163,0.499999999999999));
#2122=CARTESIAN_POINT('',(-0.499999999999998,-2.11822480737684,0.499999999999999));
#2123=CARTESIAN_POINT('',(-0.499999999999998,0.331775192623163,0.499999999999999));
#2124=CARTESIAN_POINT('',(-0.200000000000002,-2.11822480737684,0.499999999999999));
#2125=CARTESIAN_POINT('',(-0.350000000000001,-2.11822480737684,0.499999999999999));
#2126=CARTESIAN_POINT('',(-0.200000000000002,0.331775192623163,0.499999999999999));
#2127=CARTESIAN_POINT('Origin',(-0.350000000000001,0.331775192623163,0.499999999999999));
#2128=CARTESIAN_POINT('',(-0.200000000000002,2.78177519262316,0.499999999999998));
#2129=CARTESIAN_POINT('',(-0.200000000000002,0.331775192623163,0.499999999999999));
#2130=CARTESIAN_POINT('',(-0.499999999999998,2.78177519262316,0.499999999999998));
#2131=CARTESIAN_POINT('',(-0.350000000000001,2.78177519262316,0.499999999999998));
#2132=CARTESIAN_POINT('',(-0.499999999999998,0.331775192623163,0.499999999999999));
#2133=CARTESIAN_POINT('Origin',(-0.499999999999998,0.331775192623163,0.249999999999999));
#2134=CARTESIAN_POINT('',(-0.499999999999998,-2.11822480737684,-1.24228992924696E-15));
#2135=CARTESIAN_POINT('',(-0.499999999999998,0.331775192623163,-1.80160729630263E-15));
#2136=CARTESIAN_POINT('',(-0.499999999999998,-2.11822480737684,0.249999999999999));
#2137=CARTESIAN_POINT('Origin',(-0.200000000000002,0.331775192623163,0.249999999999999));
#2138=CARTESIAN_POINT('',(-0.200000000000002,2.78177519262316,-2.3609246633583E-15));
#2139=CARTESIAN_POINT('',(-0.200000000000002,0.331775192623163,-1.80160729630263E-15));
#2140=CARTESIAN_POINT('',(-0.200000000000002,2.78177519262316,0.249999999999998));
#2141=CARTESIAN_POINT('Origin',(-0.350000000000001,-2.11822480737684,0.249999999999999));
#2142=CARTESIAN_POINT('',(-0.200000000000002,-2.11822480737684,-1.24228992924696E-15));
#2143=CARTESIAN_POINT('',(-0.200000000000002,-2.11822480737684,0.249999999999999));
#2144=CARTESIAN_POINT('',(-0.350000000000001,-2.11822480737684,-1.24228992924696E-15));
#2145=CARTESIAN_POINT('Origin',(-0.350000000000001,2.78177519262316,0.249999999999998));
#2146=CARTESIAN_POINT('',(-0.499999999999998,2.78177519262316,-2.3609246633583E-15));
#2147=CARTESIAN_POINT('',(-0.350000000000001,2.78177519262316,-2.3609246633583E-15));
#2148=CARTESIAN_POINT('',(-0.499999999999998,2.78177519262316,0.249999999999998));
#2149=CARTESIAN_POINT('Origin',(-0.350000000000001,0.331775192623163,-1.80160729630263E-15));
#2150=CARTESIAN_POINT('',(-0.499999999999998,0.331775192623163,-1.80160729630263E-15));
#2151=CARTESIAN_POINT('',(-0.200000000000002,0.331775192623163,-1.80160729630263E-15));
#2152=CARTESIAN_POINT('Origin',(-0.499999999999998,0.331775192623163,0.249999999999999));
#2153=CARTESIAN_POINT('Origin',(-0.200000000000002,0.331775192623163,0.249999999999999));
#2154=CARTESIAN_POINT('Origin',(0.299999999999998,0.331775192623163,0.499999999999999));
#2155=CARTESIAN_POINT('',(0.149999999999999,-2.11822480737684,0.499999999999999));
#2156=CARTESIAN_POINT('',(0.149999999999999,0.331775192623163,0.499999999999999));
#2157=CARTESIAN_POINT('',(0.449999999999997,-2.11822480737684,0.499999999999999));
#2158=CARTESIAN_POINT('',(0.299999999999998,-2.11822480737684,0.499999999999999));
#2159=CARTESIAN_POINT('',(0.449999999999997,0.331775192623163,0.499999999999999));
#2160=CARTESIAN_POINT('Origin',(0.299999999999998,0.331775192623163,0.499999999999999));
#2161=CARTESIAN_POINT('',(0.449999999999997,2.78177519262316,0.499999999999998));
#2162=CARTESIAN_POINT('',(0.449999999999997,0.331775192623163,0.499999999999999));
#2163=CARTESIAN_POINT('',(0.149999999999999,2.78177519262316,0.499999999999998));
#2164=CARTESIAN_POINT('',(0.299999999999998,2.78177519262316,0.499999999999998));
#2165=CARTESIAN_POINT('',(0.149999999999999,0.331775192623163,0.499999999999999));
#2166=CARTESIAN_POINT('Origin',(0.149999999999999,0.331775192623163,0.249999999999999));
#2167=CARTESIAN_POINT('',(0.149999999999999,-2.11822480737684,-1.24228992924696E-15));
#2168=CARTESIAN_POINT('',(0.149999999999999,0.331775192623163,-1.80160729630263E-15));
#2169=CARTESIAN_POINT('',(0.149999999999999,-2.11822480737684,0.249999999999999));
#2170=CARTESIAN_POINT('Origin',(0.449999999999997,0.331775192623163,0.249999999999999));
#2171=CARTESIAN_POINT('',(0.449999999999997,2.78177519262316,-2.3609246633583E-15));
#2172=CARTESIAN_POINT('',(0.449999999999997,0.331775192623163,-1.80160729630263E-15));
#2173=CARTESIAN_POINT('',(0.449999999999997,2.78177519262316,0.249999999999998));
#2174=CARTESIAN_POINT('Origin',(0.299999999999998,-2.11822480737684,0.249999999999999));
#2175=CARTESIAN_POINT('',(0.449999999999997,-2.11822480737684,-1.24228992924696E-15));
#2176=CARTESIAN_POINT('',(0.449999999999997,-2.11822480737684,0.249999999999999));
#2177=CARTESIAN_POINT('',(0.299999999999998,-2.11822480737684,-1.24228992924696E-15));
#2178=CARTESIAN_POINT('Origin',(0.299999999999998,2.78177519262316,0.249999999999998));
#2179=CARTESIAN_POINT('',(0.149999999999999,2.78177519262316,-2.3609246633583E-15));
#2180=CARTESIAN_POINT('',(0.299999999999998,2.78177519262316,-2.3609246633583E-15));
#2181=CARTESIAN_POINT('',(0.149999999999999,2.78177519262316,0.249999999999998));
#2182=CARTESIAN_POINT('Origin',(0.299999999999998,0.331775192623163,-1.80160729630263E-15));
#2183=CARTESIAN_POINT('',(0.149999999999999,0.331775192623163,-1.80160729630263E-15));
#2184=CARTESIAN_POINT('',(0.449999999999997,0.331775192623163,-1.80160729630263E-15));
#2185=CARTESIAN_POINT('Origin',(0.149999999999999,0.331775192623163,0.249999999999999));
#2186=CARTESIAN_POINT('Origin',(0.449999999999997,0.331775192623163,0.249999999999999));
#2187=CARTESIAN_POINT('Origin',(0.950000000000022,0.331775192623163,0.499999999999999));
#2188=CARTESIAN_POINT('',(0.800000000000023,-2.11822480737684,0.5));
#2189=CARTESIAN_POINT('',(0.800000000000023,0.331775192623163,0.499999999999999));
#2190=CARTESIAN_POINT('',(1.10000000000002,-2.11822480737684,0.5));
#2191=CARTESIAN_POINT('',(0.950000000000022,-2.11822480737684,0.5));
#2192=CARTESIAN_POINT('',(1.10000000000002,0.331775192623163,0.499999999999999));
#2193=CARTESIAN_POINT('Origin',(0.950000000000022,0.331775192623163,0.499999999999999));
#2194=CARTESIAN_POINT('',(1.10000000000002,2.78177519262316,0.499999999999999));
#2195=CARTESIAN_POINT('',(1.10000000000002,0.331775192623163,0.499999999999999));
#2196=CARTESIAN_POINT('',(0.800000000000023,2.78177519262316,0.499999999999999));
#2197=CARTESIAN_POINT('',(0.950000000000022,2.78177519262316,0.499999999999999));
#2198=CARTESIAN_POINT('',(0.800000000000023,0.331775192623163,0.499999999999999));
#2199=CARTESIAN_POINT('Origin',(0.800000000000023,0.331775192623163,0.249999999999999));
#2200=CARTESIAN_POINT('',(0.800000000000023,-2.11822480737684,-6.59422841318753E-16));
#2201=CARTESIAN_POINT('',(0.800000000000023,0.331775192623163,-1.21874020837442E-15));
#2202=CARTESIAN_POINT('',(0.800000000000023,-2.11822480737684,0.25));
#2203=CARTESIAN_POINT('Origin',(1.10000000000002,0.331775192623163,0.249999999999999));
#2204=CARTESIAN_POINT('',(1.10000000000002,2.78177519262316,-1.77805757543009E-15));
#2205=CARTESIAN_POINT('',(1.10000000000002,0.331775192623163,-1.21874020837442E-15));
#2206=CARTESIAN_POINT('',(1.10000000000002,2.78177519262316,0.249999999999999));
#2207=CARTESIAN_POINT('Origin',(0.950000000000022,-2.11822480737684,0.25));
#2208=CARTESIAN_POINT('',(1.10000000000002,-2.11822480737684,-6.59422841318753E-16));
#2209=CARTESIAN_POINT('',(1.10000000000002,-2.11822480737684,0.25));
#2210=CARTESIAN_POINT('',(0.950000000000022,-2.11822480737684,-6.59422841318753E-16));
#2211=CARTESIAN_POINT('Origin',(0.950000000000022,2.78177519262316,0.249999999999999));
#2212=CARTESIAN_POINT('',(0.800000000000023,2.78177519262316,-1.77805757543009E-15));
#2213=CARTESIAN_POINT('',(0.950000000000022,2.78177519262316,-1.77805757543009E-15));
#2214=CARTESIAN_POINT('',(0.800000000000023,2.78177519262316,0.249999999999999));
#2215=CARTESIAN_POINT('Origin',(0.950000000000022,0.331775192623163,-1.21874020837442E-15));
#2216=CARTESIAN_POINT('',(0.800000000000023,0.331775192623163,-1.21874020837442E-15));
#2217=CARTESIAN_POINT('',(1.10000000000002,0.331775192623163,-1.21874020837442E-15));
#2218=CARTESIAN_POINT('Origin',(0.800000000000023,0.331775192623163,0.249999999999999));
#2219=CARTESIAN_POINT('Origin',(1.10000000000002,0.331775192623163,0.249999999999999));
#2220=UNCERTAINTY_MEASURE_WITH_UNIT(LENGTH_MEASURE(0.01),#2224,
'DISTANCE_ACCURACY_VALUE',
'Maximum model space distance between geometric entities at asserted c
onnectivities');
#2221=UNCERTAINTY_MEASURE_WITH_UNIT(LENGTH_MEASURE(0.01),#2224,
'DISTANCE_ACCURACY_VALUE',
'Maximum model space distance between geometric entities at asserted c
onnectivities');
#2222=(
GEOMETRIC_REPRESENTATION_CONTEXT(3)
GLOBAL_UNCERTAINTY_ASSIGNED_CONTEXT((#2220))
GLOBAL_UNIT_ASSIGNED_CONTEXT((#2224,#2226,#2227))
REPRESENTATION_CONTEXT('','3D')
);
#2223=(
GEOMETRIC_REPRESENTATION_CONTEXT(3)
GLOBAL_UNCERTAINTY_ASSIGNED_CONTEXT((#2221))
GLOBAL_UNIT_ASSIGNED_CONTEXT((#2224,#2226,#2227))
REPRESENTATION_CONTEXT('','3D')
);
#2224=(
LENGTH_UNIT()
NAMED_UNIT(*)
SI_UNIT(.MILLI.,.METRE.)
);
#2225=(
LENGTH_UNIT()
NAMED_UNIT(*)
SI_UNIT($,.METRE.)
);
#2226=(
NAMED_UNIT(*)
PLANE_ANGLE_UNIT()
SI_UNIT($,.RADIAN.)
);
#2227=(
NAMED_UNIT(*)
SI_UNIT($,.STERADIAN.)
SOLID_ANGLE_UNIT()
);
#2228=SHAPE_DEFINITION_REPRESENTATION(#2229,#2230);
#2229=PRODUCT_DEFINITION_SHAPE('',$,#2232);
#2230=SHAPE_REPRESENTATION('',(#1351),#2222);
#2231=PRODUCT_DEFINITION_CONTEXT('part definition',#2236,'design');
#2232=PRODUCT_DEFINITION('PI4ULS5V202UEX.f3d','PI4ULS5V202UEX.f3d v1',#2233,
#2231);
#2233=PRODUCT_DEFINITION_FORMATION('',$,#2238);
#2234=PRODUCT_RELATED_PRODUCT_CATEGORY('PI4ULS5V202UEX.f3d v1',
'PI4ULS5V202UEX.f3d v1',(#2238));
#2235=APPLICATION_PROTOCOL_DEFINITION('international standard',
'automotive_design',2009,#2236);
#2236=APPLICATION_CONTEXT(
'Core Data for Automotive Mechanical Design Process');
#2237=PRODUCT_CONTEXT('part definition',#2236,'mechanical');
#2238=PRODUCT('PI4ULS5V202UEX.f3d','PI4ULS5V202UEX.f3d v1',$,(#2237));
#2239=PRESENTATION_STYLE_ASSIGNMENT((#2242));
#2240=PRESENTATION_STYLE_ASSIGNMENT((#2243));
#2241=PRESENTATION_STYLE_ASSIGNMENT((#2244));
#2242=SURFACE_STYLE_USAGE(.BOTH.,#2245);
#2243=SURFACE_STYLE_USAGE(.BOTH.,#2246);
#2244=SURFACE_STYLE_USAGE(.BOTH.,#2247);
#2245=SURFACE_SIDE_STYLE('',(#2248));
#2246=SURFACE_SIDE_STYLE('',(#2249));
#2247=SURFACE_SIDE_STYLE('',(#2250));
#2248=SURFACE_STYLE_FILL_AREA(#2251);
#2249=SURFACE_STYLE_FILL_AREA(#2252);
#2250=SURFACE_STYLE_FILL_AREA(#2253);
#2251=FILL_AREA_STYLE('Steel - Satin',(#2254));
#2252=FILL_AREA_STYLE('Opaque(250,250,250)',(#2255));
#2253=FILL_AREA_STYLE('Opaque(43,46,49)',(#2256));
#2254=FILL_AREA_STYLE_COLOUR('Steel - Satin',#2257);
#2255=FILL_AREA_STYLE_COLOUR('Opaque(250,250,250)',#2258);
#2256=FILL_AREA_STYLE_COLOUR('Opaque(43,46,49)',#2259);
#2257=COLOUR_RGB('Steel - Satin',0.627450980392157,0.627450980392157,0.627450980392157);
#2258=COLOUR_RGB('Opaque(250,250,250)',0.980392156862745,0.980392156862745,
0.980392156862745);
#2259=COLOUR_RGB('Opaque(43,46,49)',0.168627450980392,0.180392156862745,
0.192156862745098);
ENDSEC;
END-ISO-10303-21;
